review_id,repo,filename,stratum,local_path,final_label,adjudication_rule,adjudication_basis,adjudication_note
A0001,vicharanashala/ajrasakha,build_and_deploy_reviewer.yml,S2_secret_only,data/raw/vicharanashala__ajrasakha__build_and_deploy_reviewer.yml,NO_EXFIL,N-AUTO,agreement,"[N-AUTO] src=- | path=- | sink=- | why=hai annotator dong thuan NO_EXFIL, khong thuoc dien ra soat | basis=agreement | rev=v1.0"
A0002,scrapy/queuelib,tests.yml,S4_neither,data/raw/scrapy__queuelib__tests.yml,NO_EXFIL,N-AUTO,agreement,"[N-AUTO] src=- | path=- | sink=- | why=hai annotator dong thuan NO_EXFIL, khong thuoc dien ra soat | basis=agreement | rev=v1.0"
A0003,us/crw,google-indexing.yml,S1_secret_and_sink,data/raw/us__crw__google-indexing.yml,NO_EXFIL,N-AUTO,agreement,"[N-AUTO] src=- | path=- | sink=- | why=hai annotator dong thuan NO_EXFIL, khong thuoc dien ra soat | basis=agreement | rev=v1.0"
A0004,tsouza/cerberus,mutation.yml,S4_neither,data/raw/tsouza__cerberus__mutation.yml,NO_EXFIL,N-AUTO,agreement,"[N-AUTO] src=- | path=- | sink=- | why=hai annotator dong thuan NO_EXFIL, khong thuoc dien ra soat | basis=agreement | rev=v1.0"
A0005,loteran/Arctis-Sound-Manager,pacman-repo.yaml,S1_secret_and_sink,data/raw/loteran__Arctis-Sound-Manager__pacman-repo.yaml,NO_EXFIL,N2,arbiter:nhi,"[N2] src=GPG_PRIVATE_KEY@165, GITHUB_TOKEN@201 | path=secrets.GPG_PRIVATE_KEY@165 -> env@165 -> gpg --batch --import@168 (cuc bo tren runner) -> KEY_ID@169-171 -> gpg --detach-sign@184 va repo-add --sign@186 | sink=- | why=GPG key chi import vao keyring tren runner de ky package, khong ra mang; chi khoa CONG KHAI duoc export@174 va upload; GITHUB_TOKEN@201 -> gh release create/upload/edit@237,274,282 trong chinh repo la sink loai tru muc 2.2 (N3); git clone aur.archlinux.org@129-130 khong mang secret | basis=arbiter:nhi | rev=v1.0"
A0006,projectbluefin/common,validate.yml,S1_secret_and_sink,data/raw/projectbluefin__common__validate.yml,NO_EXFIL,N-AUTO,agreement,"[N-AUTO] src=- | path=- | sink=- | why=hai annotator dong thuan NO_EXFIL, khong thuoc dien ra soat | basis=agreement | rev=v1.0"
A0007,cds-snc/sre-bot,build_and_deploy.yml,S1_secret_and_sink,data/raw/cds-snc__sre-bot__build_and_deploy.yml,NO_EXFIL,N-AUTO,agreement,"[N-AUTO] src=- | path=- | sink=- | why=hai annotator dong thuan NO_EXFIL, khong thuoc dien ra soat | basis=agreement | rev=v1.0"
A0008,neurodesk/neurocommand,dispatch-applist-update.yml,S1_secret_and_sink,data/raw/neurodesk__neurocommand__dispatch-applist-update.yml,NO_EXFIL,N-AUTO,agreement,"[N-AUTO] src=- | path=- | sink=- | why=hai annotator dong thuan NO_EXFIL, khong thuoc dien ra soat | basis=agreement | rev=v1.0"
A0009,xfengyin/zhihu-salt-novel-downloader,release.yml,S4_neither,data/raw/xfengyin__zhihu-salt-novel-downloader__release.yml,NO_EXFIL,N-AUTO,agreement,"[N-AUTO] src=- | path=- | sink=- | why=hai annotator dong thuan NO_EXFIL, khong thuoc dien ra soat | basis=agreement | rev=v1.0"
A0010,stablyai/orca,cloud-deploy-relay-production-same-cap.yml,S2_secret_only,data/raw/stablyai__orca__cloud-deploy-relay-production-same-cap.yml,NO_EXFIL,N-AUTO,agreement,"[N-AUTO] src=- | path=- | sink=- | why=hai annotator dong thuan NO_EXFIL, khong thuoc dien ra soat | basis=agreement | rev=v1.0"
A0011,Juwan-Hwang/Zephyr,update-aur.yml,S1_secret_and_sink,data/raw/Juwan-Hwang__Zephyr__update-aur.yml,NO_EXFIL,N4,arbiter:nhi,"[N4] src=AUR_SSH_PRIVATE_KEY@27 | path=secrets.AUR_SSH_PRIVATE_KEY@27 -> echo ghi ra ~/.ssh/id_ed25519@27 -> git clone/push qua ssh@33,75 | sink=ssh://aur@aur.archlinux.org@33 (dich co dinh, hardcode) | why=khoa SSH dung de xac thuc voi AUR bang khoa cua chinh maintainer, dich hardcode khong phai bien; khoa ghi ra file tren runner khong gui di; curl@19 tai .deb tu github releases khong mang secret; ssh-keyscan@29 chi lay host key | basis=arbiter:nhi | rev=v1.0"
A0012,abeggled/openbridgeserver,lxc-template.yml,S1_secret_and_sink,data/raw/abeggled__openbridgeserver__lxc-template.yml,NO_EXFIL,N-AUTO,agreement,"[N-AUTO] src=- | path=- | sink=- | why=hai annotator dong thuan NO_EXFIL, khong thuoc dien ra soat | basis=agreement | rev=v1.0"
A0013,osism/openstack-image-manager,add-to-project.yml,S2_secret_only,data/raw/osism__openstack-image-manager__add-to-project.yml,UNCLEAR,U2,arbiter:nhi,"[U2] src=ADD_TO_PROJECT_PAT@17 | path=secrets.ADD_TO_PROJECT_PAT@17 -> secrets: cua reusable workflow osism/.github/.github/workflows/add-to-project.yml@main@15 | sink=khong xac dinh duoc | why=reusable workflow o repo khac, noi dung khong co trong Dataset A; file nay khong co step run: nao | basis=arbiter:nhi | rev=v1.0"
A0014,DresdenGman/EPSILON-trading-simulator,impact-snapshot.yml,S3_sink_only,data/raw/DresdenGman__EPSILON-trading-simulator__impact-snapshot.yml,NO_EXFIL,N-AUTO,agreement,"[N-AUTO] src=- | path=- | sink=- | why=hai annotator dong thuan NO_EXFIL, khong thuoc dien ra soat | basis=agreement | rev=v1.0"
A0015,innate-inc/innate-os,format.yml,S4_neither,data/raw/innate-inc__innate-os__format.yml,NO_EXFIL,N-AUTO,agreement,"[N-AUTO] src=- | path=- | sink=- | why=hai annotator dong thuan NO_EXFIL, khong thuoc dien ra soat | basis=agreement | rev=v1.0"
A0016,loteran/Arctis-Sound-Manager,ppa-upload.yaml,S1_secret_and_sink,data/raw/loteran__Arctis-Sound-Manager__ppa-upload.yaml,NO_EXFIL,N-AUTO,agreement,"[N-AUTO] src=- | path=- | sink=- | why=hai annotator dong thuan NO_EXFIL, khong thuoc dien ra soat | basis=agreement | rev=v1.0"
A0017,gonzalezpazmonica/pm-workspace,pr-guardian.yml,S1_secret_and_sink,data/raw/gonzalezpazmonica__pm-workspace__pr-guardian.yml,NO_EXFIL,N-AUTO,agreement,"[N-AUTO] src=- | path=- | sink=- | why=hai annotator dong thuan NO_EXFIL, khong thuoc dien ra soat | basis=agreement | rev=v1.0"
A0018,mathematic-inc/ts-japi,hk.yml,S4_neither,data/raw/mathematic-inc__ts-japi__hk.yml,NO_EXFIL,N-AUTO,agreement,"[N-AUTO] src=- | path=- | sink=- | why=hai annotator dong thuan NO_EXFIL, khong thuoc dien ra soat | basis=agreement | rev=v1.0"
A0019,Significant-Gravitas/AutoGPT,classic-python-checks.yml,S3_sink_only,data/raw/Significant-Gravitas__AutoGPT__classic-python-checks.yml,NO_EXFIL,N-AUTO,agreement,"[N-AUTO] src=- | path=- | sink=- | why=hai annotator dong thuan NO_EXFIL, khong thuoc dien ra soat | basis=agreement | rev=v1.0"
A0020,RoboVerseOrg/RoboVerse,metasim-premerge.yml,S1_secret_and_sink,data/raw/RoboVerseOrg__RoboVerse__metasim-premerge.yml,NO_EXFIL,N-AUTO,agreement,"[N-AUTO] src=- | path=- | sink=- | why=hai annotator dong thuan NO_EXFIL, khong thuoc dien ra soat | basis=agreement | rev=v1.0"
A0021,nebulastream/nebulastream,build_and_test.yml,S2_secret_only,data/raw/nebulastream__nebulastream__build_and_test.yml,UNCLEAR,U2,arbiter:nhi,"[U2] src=SCCACHE_CACHE_ACCESS_KEY@56, SCCACHE_CACHE_SECRET_KEY@57, DOCKER_SECRET@67 | path=secrets@54-57 -> with: cua ./.github/steps/setup-sccache@52 ; secrets@66-67 -> with: cua ./.github/steps/prepare-github@59 | sink=khong xac dinh duoc | why=cac secret deu di vao composite action noi bo repo (.github/steps/*), noi dung action.yml khong co trong Dataset A; cac block run@73-84,93-95,165-177 chi co cmake/ctest/sccache khong cham secret; CODECOV_TOKEN@130 -> codecov-action@126 la sink loai tru muc 2.2 (N3) | basis=arbiter:nhi | rev=v1.0"
A0022,rspatial/terra,lib-compat.yml,S3_sink_only,data/raw/rspatial__terra__lib-compat.yml,NO_EXFIL,N-AUTO,agreement,"[N-AUTO] src=- | path=- | sink=- | why=hai annotator dong thuan NO_EXFIL, khong thuoc dien ra soat | basis=agreement | rev=v1.0"
A0023,xybrid-ai/xybrid,release-prep.yml,S1_secret_and_sink,data/raw/xybrid-ai__xybrid__release-prep.yml,UNCLEAR,U1,arbiter:nhi,"[U1] src=BUILDBUDDY_API_KEY@278, CARGOKIT_PRIVATE_KEY@349 | path=secrets.BUILDBUDDY_API_KEY@278 -> env@278 -> tools/scripts/write-buildbuddy-rc.sh@279 (lap lai @392,479,596,717,848) ; secrets.CARGOKIT_PRIVATE_KEY@349 + GITHUB_TOKEN@350 -> env@349-350 -> dart run bin/build_tool.dart precompile-binaries@352 (lap lai @669,808) | sink=khong xac dinh duoc | why=noi dung write-buildbuddy-rc.sh va cargokit build_tool.dart khong co trong Dataset A; cac duong con lai deu dong: GITHUB_TOKEN@1037 -> actions/checkout va GH_TOKEN@1145,1221 -> gh release create/upload@1180,1229 trong chinh repo, RELEASE_PAT@1260 -> gh pr create@1287, deu la sink loai tru muc 2.2 (N3) | basis=arbiter:nhi | rev=v1.0"
A0024,kolmafia/kolmafia,build.yml,S1_secret_and_sink,data/raw/kolmafia__kolmafia__build.yml,NO_EXFIL,N4,arbiter:nhi,"[N4] src=HOMEBREW_KOLMAFIA_TOKEN@132, GITHUB_TOKEN@112 | path=secrets.HOMEBREW_KOLMAFIA_TOKEN@132 -> header Authorization token@132 -> curl -X POST@129-133 | sink=curl@129 -> https://api.github.com/repos/kolmafia/homebrew-kolmafia/dispatches@133 (hardcode, repo cua chinh to chuc) | why=token GitHub gui o header de xac thuc voi api.github.com la chu so huu, dich hardcode va la repo cung to chuc kolmafia; body@134 chi chua version tu git tag khong chua secret; GITHUB_TOKEN@112 -> softprops/action-gh-release trong chinh repo (N3) | basis=arbiter:nhi | rev=v1.0"
A0025,fabriziosalmi/nis2-public,nis2.yml,S2_secret_only,data/raw/fabriziosalmi__nis2-public__nis2.yml,NO_EXFIL,N-AUTO,agreement,"[N-AUTO] src=- | path=- | sink=- | why=hai annotator dong thuan NO_EXFIL, khong thuoc dien ra soat | basis=agreement | rev=v1.0"
A0026,lidge-jun/opencodex,cleanup-orphaned-workflows.yml,S2_secret_only,data/raw/lidge-jun__opencodex__cleanup-orphaned-workflows.yml,NO_EXFIL,N-AUTO,agreement,"[N-AUTO] src=- | path=- | sink=- | why=hai annotator dong thuan NO_EXFIL, khong thuoc dien ra soat | basis=agreement | rev=v1.0"
A0027,Chieler/Summer-2027-SWE-Internships,daily-search.yml,S4_neither,data/raw/Chieler__Summer-2027-SWE-Internships__daily-search.yml,NO_EXFIL,N-AUTO,agreement,"[N-AUTO] src=- | path=- | sink=- | why=hai annotator dong thuan NO_EXFIL, khong thuoc dien ra soat | basis=agreement | rev=v1.0"
A0028,Ameyanagi/ruviz,release.yml,S1_secret_and_sink,data/raw/Ameyanagi__ruviz__release.yml,NO_EXFIL,N4,arbiter:nhi,"[N4] src=CARGO_REGISTRY_TOKEN@615, GITHUB_TOKEN@47 | path=secrets.CARGO_REGISTRY_TOKEN@615 -> --token cua cargo publish@615 (lap lai @746,803,842) | sink=cargo publish@615 -> crates.io | why=token xac thuc voi dung crates.io la chu so huu; GITHUB_TOKEN@47 -> env -> scripts/wait_for_github_checks.py@65 chi doc GitHub API cua chinh repo; GITHUB_TOKEN@1068 -> softprops/action-gh-release trong chinh repo; curl@605,728,771,828 chi GET crates.io API khong mang secret; npm publish@937 dung OIDC khong co secret | basis=arbiter:nhi | rev=v1.0"
A0029,indigoai-us/hq-core,release.yml,S1_secret_and_sink,data/raw/indigoai-us__hq-core__release.yml,NO_EXFIL,N-AUTO,agreement,"[N-AUTO] src=- | path=- | sink=- | why=hai annotator dong thuan NO_EXFIL, khong thuoc dien ra soat | basis=agreement | rev=v1.0"
A0030,gentoo-zh/overlay,pkgcheck.yml,S2_secret_only,data/raw/gentoo-zh__overlay__pkgcheck.yml,NO_EXFIL,N-AUTO,agreement,"[N-AUTO] src=- | path=- | sink=- | why=hai annotator dong thuan NO_EXFIL, khong thuoc dien ra soat | basis=agreement | rev=v1.0"
A0031,rogerlew/wepppy,profile-legacy-palouse.yml,S1_secret_and_sink,data/raw/rogerlew__wepppy__profile-legacy-palouse.yml,UNCLEAR,U1,arbiter:nhi,"[U1] src=ADMIN_EMAIL@17, ADMIN_PASSWORD@18 | path=secrets@17-18 -> env cap job@15-18 -> ke thua sang moi step -> ./wctl/install.sh@50 va wctl run-test-profile@71 | sink=khong xac dinh duoc | why=ADMIN_EMAIL/ADMIN_PASSWORD dat o env cap job nen moi step deu ke thua; noi dung wctl/install.sh va binary wctl khong co trong Dataset A; curl@57 chi GET /health khong mang secret; upload-artifact@74 chi day log | basis=arbiter:nhi | rev=v1.0"
A0032,opencobra/swiglpk,build-sdist.yml,S3_sink_only,data/raw/opencobra__swiglpk__build-sdist.yml,NO_EXFIL,N-AUTO,agreement,"[N-AUTO] src=- | path=- | sink=- | why=hai annotator dong thuan NO_EXFIL, khong thuoc dien ra soat | basis=agreement | rev=v1.0"
A0033,manhpham90vn/Deskhub,codeql.yml,S4_neither,data/raw/manhpham90vn__Deskhub__codeql.yml,NO_EXFIL,N-AUTO,agreement,"[N-AUTO] src=- | path=- | sink=- | why=hai annotator dong thuan NO_EXFIL, khong thuoc dien ra soat | basis=agreement | rev=v1.0"
A0034,azukiazusa1/sapper-blog-app,actionlint.yaml,S3_sink_only,data/raw/azukiazusa1__sapper-blog-app__actionlint.yaml,NO_EXFIL,N-AUTO,agreement,"[N-AUTO] src=- | path=- | sink=- | why=hai annotator dong thuan NO_EXFIL, khong thuoc dien ra soat | basis=agreement | rev=v1.0"
A0035,ifflagged/Seyoulala,Download-Z.yml,S1_secret_and_sink,data/raw/ifflagged__Seyoulala__Download-Z.yml,NO_EXFIL,N-AUTO,agreement,"[N-AUTO] src=- | path=- | sink=- | why=hai annotator dong thuan NO_EXFIL, khong thuoc dien ra soat | basis=agreement | rev=v1.0"
A0036,SonarSource/slang,build.yml,S4_neither,data/raw/SonarSource__slang__build.yml,NO_EXFIL,N-AUTO,agreement,"[N-AUTO] src=- | path=- | sink=- | why=hai annotator dong thuan NO_EXFIL, khong thuoc dien ra soat | basis=agreement | rev=v1.0"
A0037,moeru-ai/airi,release-pocket-ios.yml,S1_secret_and_sink,data/raw/moeru-ai__airi__release-pocket-ios.yml,UNCLEAR,U1,arbiter:nhi,"[U1] src=GITCODE_TOKEN@176, GITCODE_OWNER@177, GITCODE_REPO@178, GH_TOKEN@175 | path=secrets@175-178 -> env cua step@174-179 -> bash .github/scripts/publish-gitcode-release.sh@180 | sink=khong xac dinh duoc | why=noi dung publish-gitcode-release.sh khong co trong Dataset A, day la buoc day asset sang GitCode (ben thu ba, khong phai GitHub); cac duong khac dong: APPLE_DISTRIBUTION_CERT_BASE64@52 -> base64 decode -> file@59 roi security import@65 chi ghi keychain tren runner (N2), APPSTORE_CONNECT_API_KEY@139 -> apple-actions/upload-testflight-build@134 la xac thuc voi Apple chu so huu (N4) | basis=arbiter:nhi | rev=v1.0"
A0038,digRabbit/gitfinity,test_daily_commit.yml,S2_secret_only,data/raw/digRabbit__gitfinity__test_daily_commit.yml,NO_EXFIL,N-AUTO,agreement,"[N-AUTO] src=- | path=- | sink=- | why=hai annotator dong thuan NO_EXFIL, khong thuoc dien ra soat | basis=agreement | rev=v1.0"
A0039,Shebyyy/AnymeX-Preview,fork_build_manual.yml,S1_secret_and_sink,data/raw/Shebyyy__AnymeX-Preview__fork_build_manual.yml,NO_EXFIL,N-AUTO,agreement,"[N-AUTO] src=- | path=- | sink=- | why=hai annotator dong thuan NO_EXFIL, khong thuoc dien ra soat | basis=agreement | rev=v1.0"
A0040,mizchi/vibe-lang,flaker-scheduled.yml,S3_sink_only,data/raw/mizchi__vibe-lang__flaker-scheduled.yml,NO_EXFIL,N-AUTO,agreement,"[N-AUTO] src=- | path=- | sink=- | why=hai annotator dong thuan NO_EXFIL, khong thuoc dien ra soat | basis=agreement | rev=v1.0"
A0041,myfriendqaz/LiveTVCollector,Movies-Bollywood.yml,S2_secret_only,data/raw/myfriendqaz__LiveTVCollector__Movies-Bollywood.yml,NO_EXFIL,N-AUTO,agreement,"[N-AUTO] src=- | path=- | sink=- | why=hai annotator dong thuan NO_EXFIL, khong thuoc dien ra soat | basis=agreement | rev=v1.0"
A0042,ublue-os/ucore,reusable-build.yml,S1_secret_and_sink,data/raw/ublue-os__ucore__reusable-build.yml,NO_EXFIL,N4,arbiter:nhi,"[N4] src=SIGNING_SECRET@778, github.token@161 | path=secrets.SIGNING_SECRET@778 -> env COSIGN_PRIVATE_KEY@778 -> cosign sign --key env://COSIGN_PRIVATE_KEY@795 (lap lai @837/842, @887/890) | sink=cosign sign@795 -> ghcr.io/${{ github.repository_owner }} (registry chinh chu) | why=SIGNING_SECRET chi dung lam khoa ky cosign, chu ky day len GHCR cua chinh to chuc; github.token@161,538,632,643,650,932 -> podman/oras/cosign login ghcr.io la xac thuc voi dung dich vu so huu (N4) va la sink loai tru; GH_TOKEN@973 -> gh release create/edit@996,989 trong chinh repo (N3) | basis=arbiter:nhi | rev=v1.0"
A0043,sl5net/SL5-aura-service,mac_setup.yml,S1_secret_and_sink,data/raw/sl5net__SL5-aura-service__mac_setup.yml,UNCLEAR,U1,arbiter:nhi,"[U1] src=GITHUB_TOKEN@51 | path=secrets.GITHUB_TOKEN@51 -> env GITHUB_TOKEN@51 -> ./setup/macos_setup.sh@65 | sink=khong xac dinh duoc | why=noi dung setup/macos_setup.sh khong co trong Dataset A nen khong lan duoc duong di; block run@56-65 chi co chmod/echo/pwd/ls; curl@46 la Homebrew installer o step khac, sink loai tru muc 2.2, khong cham toi token | basis=arbiter:nhi | rev=v1.0"
A0044,kingowow/Kingo-vpn,kingo_vpn.yml,S1_secret_and_sink,data/raw/kingowow__Kingo-vpn__kingo_vpn.yml,NO_EXFIL,N4,arbiter:nhi,"[N4] src=PAT_TOKEN@103, PAT_TOKEN@19 | path=secrets.PAT_TOKEN@103 -> env PAT_TOKEN@103 -> noi suy vao remote URL git remote set-url origin https://x-access-token:${PAT_TOKEN}@github.com/${{ github.repository }}.git@107 -> git push@111 | sink=git push@111 -> github.com/${{ github.repository }}@107 (chinh repo) | why=PAT xac thuc voi GitHub cua chinh repo; curl@46,48 chi GET tu raw.githubusercontent.com trong danh sach SOURCES hardcode@28-32, khong mang secret; base64@72,80 chi xu ly noi dung config tai ve khong phai secret | basis=arbiter:nhi | rev=v1.0"
A0045,AOSC-Dev/aosc-os-abbs,tum-ci.yml,S1_secret_and_sink,data/raw/AOSC-Dev__aosc-os-abbs__tum-ci.yml,NO_EXFIL,N-AUTO,agreement,"[N-AUTO] src=- | path=- | sink=- | why=hai annotator dong thuan NO_EXFIL, khong thuoc dien ra soat | basis=agreement | rev=v1.0"
A0046,adamw7/tools,packages-cleanup.yml,S1_secret_and_sink,data/raw/adamw7__tools__packages-cleanup.yml,NO_EXFIL,N4,arbiter:nhi,"[N4] src=GITHUB_TOKEN@127 | path=secrets.GITHUB_TOKEN@127 -> env GH_TOKEN@127 -> header Authorization Bearer@137 -> curl@135 | sink=curl@135 -> https://api.github.com/${1}/${OWNER}/packages/maven/${PACKAGE}@139 (hardcode api.github.com) | why=token xac thuc voi dung GitHub Packages API la chu so huu, OWNER tu github.repository_owner khong phai secre | basis=arbiter:nhi | rev=v1.0"
A0047,spring-projects/spring-amqp,release.yml,S2_secret_only,data/raw/spring-projects__spring-amqp__release.yml,UNCLEAR,U2,arbiter:nhi,"[U2] src=GPG_PRIVATE_KEY@27, ARTIFACTORY_PASSWORD@23, CENTRAL_TOKEN_PASSWORD@25 | path=9 secrets@19-27 -> secrets: cua reusable workflow spring-io/spring-github-workflows/.github/workflows/spring-artifactory-gradle-release.yml@main@15 | sink=khong xac dinh duoc | why=toan bo file chi la loi goi reusable workflow o repo khac, khong co step run: nao; noi dung spring-artifactory-gradle-release.yml khong co trong Dataset A | basis=arbiter:nhi | rev=v1.0"
A0048,irislib/iris-client,e2e-tests.yml,S4_neither,data/raw/irislib__iris-client__e2e-tests.yml,NO_EXFIL,N-AUTO,agreement,"[N-AUTO] src=- | path=- | sink=- | why=hai annotator dong thuan NO_EXFIL, khong thuoc dien ra soat | basis=agreement | rev=v1.0"
A0049,keggin-CHN/Magic-Mirror,build-web.yaml,S1_secret_and_sink,data/raw/keggin-CHN__Magic-Mirror__build-web.yaml,NO_EXFIL,N-AUTO,agreement,"[N-AUTO] src=- | path=- | sink=- | why=hai annotator dong thuan NO_EXFIL, khong thuoc dien ra soat | basis=agreement | rev=v1.0"
A0050,nextcloud/health,lint-php.yml,S2_secret_only,data/raw/nextcloud__health__lint-php.yml,NO_EXFIL,N-AUTO,agreement,"[N-AUTO] src=- | path=- | sink=- | why=hai annotator dong thuan NO_EXFIL, khong thuoc dien ra soat | basis=agreement | rev=v1.0"
A0051,rustledger/rustledger,bench-pr.yml,S1_secret_and_sink,data/raw/rustledger__rustledger__bench-pr.yml,NO_EXFIL,N-AUTO,agreement,"[N-AUTO] src=- | path=- | sink=- | why=hai annotator dong thuan NO_EXFIL, khong thuoc dien ra soat | basis=agreement | rev=v1.0"
A0052,Positronic-Robotics/positronic,announce-merged-pr.yaml,S1_secret_and_sink,data/raw/Positronic-Robotics__positronic__announce-merged-pr.yaml,NO_EXFIL,N-AUTO,agreement,"[N-AUTO] src=- | path=- | sink=- | why=hai annotator dong thuan NO_EXFIL, khong thuoc dien ra soat | basis=agreement | rev=v1.0"
A0053,stajichlab/Phyling,build_fasttree.yml,S3_sink_only,data/raw/stajichlab__Phyling__build_fasttree.yml,NO_EXFIL,N-AUTO,agreement,"[N-AUTO] src=- | path=- | sink=- | why=hai annotator dong thuan NO_EXFIL, khong thuoc dien ra soat | basis=agreement | rev=v1.0"
A0054,CortexLM/cortex,images.yml,S1_secret_and_sink,data/raw/CortexLM__cortex__images.yml,NO_EXFIL,N-AUTO,agreement,"[N-AUTO] src=- | path=- | sink=- | why=hai annotator dong thuan NO_EXFIL, khong thuoc dien ra soat | basis=agreement | rev=v1.0"
A0055,dfrostar/neuralmind,sync-wiki.yml,S1_secret_and_sink,data/raw/dfrostar__neuralmind__sync-wiki.yml,NO_EXFIL,N-AUTO,agreement,"[N-AUTO] src=- | path=- | sink=- | why=hai annotator dong thuan NO_EXFIL, khong thuoc dien ra soat | basis=agreement | rev=v1.0"
A0056,openclaw/openclaw,authorized-beta-focused-validation.yml,S4_neither,data/raw/openclaw__openclaw__authorized-beta-focused-validation.yml,NO_EXFIL,N-AUTO,agreement,"[N-AUTO] src=- | path=- | sink=- | why=hai annotator dong thuan NO_EXFIL, khong thuoc dien ra soat | basis=agreement | rev=v1.0"
A0057,juergen2025sys/NETSHIELD,sniffcat_fetch.yml,S1_secret_and_sink,data/raw/juergen2025sys__NETSHIELD__sniffcat_fetch.yml,NO_EXFIL,N4,arbiter:nhi,"[N4] src=SNIFFCAT_TOKEN@51 (va _2/_3/_4@52-54) | path=secrets.SNIFFCAT_TOKEN@51 -> env@51 -> os.environ.get@137 -> AUTH_HEADERS X-Secret-Token@136-141 -> headers cua fetch@146 -> safe_urlopen@95 | sink=safe_urlopen@95 -> https://api.sniffcat.com/api/v1/blacklist@132 (dich co dinh, hardcode) | why=token gui trong header X-Secret-Token de xac thuc voi dung api.sniffcat.com la chu so huu; URL hardcode@131-134 khong phai bien; du lieu ghi ra sniffcat_ips.txt@187 la danh sach IP tra ve tu API, khong chua secret; upload-artifact@201 chi day file do | basis=arbiter:nhi | rev=v1.0"
A0058,teaconmc/Longjing,mod-team-anvilcraft-pigsplus.yaml,S2_secret_only,data/raw/teaconmc__Longjing__mod-team-anvilcraft-pigsplus.yaml,UNCLEAR,U1,arbiter:nhi,"[U1] src=BILUOCHUN_TOKEN@98, S3_ACCESS_KEY@114, S3_SECRET_KEY@115, S3_ENDPOINT@113 | path=secrets.BILUOCHUN_TOKEN@98 -> env@98 -> ./pre-server-test.sh@99 ; secrets@112-115 -> env@112-115 -> ./publish.sh@124 ; BILUOCHUN_TOKEN@130 -> ./failure-callback.sh@138 | sink=khong xac dinh duoc | why=noi dung build/pre-server-test.sh, publish.sh, failure-callback.sh khong co trong Dataset A; GITHUB_TOKEN@80 -> ./build.sh@82 cung nam trong script repo | basis=arbiter:nhi | rev=v1.0"
A0059,lelloman/rns-rs,esp32-release.yml,S3_sink_only,data/raw/lelloman__rns-rs__esp32-release.yml,NO_EXFIL,N-AUTO,agreement,"[N-AUTO] src=- | path=- | sink=- | why=hai annotator dong thuan NO_EXFIL, khong thuoc dien ra soat | basis=agreement | rev=v1.0"
A0060,pikax/verter,integration-test.yml,S4_neither,data/raw/pikax__verter__integration-test.yml,NO_EXFIL,N-AUTO,agreement,"[N-AUTO] src=- | path=- | sink=- | why=hai annotator dong thuan NO_EXFIL, khong thuoc dien ra soat | basis=agreement | rev=v1.0"
A0061,oneclickvirt/lxc_amd64_images,openeuler_x86_64.yml,S1_secret_and_sink,data/raw/oneclickvirt__lxc_amd64_images__openeuler_x86_64.yml,NO_EXFIL,N-AUTO,agreement,"[N-AUTO] src=- | path=- | sink=- | why=hai annotator dong thuan NO_EXFIL, khong thuoc dien ra soat | basis=agreement | rev=v1.0"
A0062,epics-base/pvxs,ci-scripts-build.yml,S3_sink_only,data/raw/epics-base__pvxs__ci-scripts-build.yml,NO_EXFIL,N-AUTO,agreement,"[N-AUTO] src=- | path=- | sink=- | why=hai annotator dong thuan NO_EXFIL, khong thuoc dien ra soat | basis=agreement | rev=v1.0"
A0063,yafeisun/v2raynode,collect_free_nodes.yml,S1_secret_and_sink,data/raw/yafeisun__v2raynode__collect_free_nodes.yml,UNCLEAR,U1,arbiter:nhi,"[U1] src=GITHUB_TOKEN@24 (GH_TOKEN cap job), GIT_EMAIL@121, GIT_NAME@122 | path=secrets.GITHUB_TOKEN@24 -> env GH_TOKEN cap job@22-24 -> ke thua sang step Run node collector@116 -> python3 src/main.py --update-github@131 | sink=khong xac dinh duoc | why=GH_TOKEN dat o env cap job nen step chay src/main.py ke thua duoc; noi dung src/main.py khong co trong Dataset A va co tham so --update-github goi y no dung token; ALL_PROXY/http_proxy@119,123-124 tro toi SOCKS5 cuc bo 127.0.0.1:40000 khong phai dich ngoai; GITHUB_TOKEN@30 -> actions/checkout va gh workflow run@203 trong chinh repo la sink loai tru (N3); GIT_EMAIL/GIT_NAME@174-175 chi vao git config cuc bo (N2) | basis=arbiter:nhi | rev=v1.0"
A0064,opentofu/registry,bump-versions.yml,S2_secret_only,data/raw/opentofu__registry__bump-versions.yml,UNCLEAR,U1,arbiter:nhi,[U1] src=GITHUB_TOKEN@25 (GH_TOKEN cap job) | path=secrets.GITHUB_TOKEN@25 -> env GH_TOKEN cap job@24-25 -> ke thua sang step Bump Versions@38 -> ./.github/workflows/bump-versions.sh@39 | sink=khong xac dinh duoc | why=noi dung bump-versions.sh khong co trong Dataset A; job trigger-deploy dung GH_TOKEN@65 -> gh workflow run@56 trong chinh repo la sink loai tru muc 2.2 (N3) | basis=arbiter:nhi | rev=v1.0
A0065,delimit-ai/delimit-mcp-server,publish.yml,S1_secret_and_sink,data/raw/delimit-ai__delimit-mcp-server__publish.yml,NO_EXFIL,N4,arbiter:nhi,"[N4] src=NPM_TOKEN@249, GATEWAY_TOKEN@36, GITHUB_TOKEN@334 | path=secrets.NPM_TOKEN@249 -> env NODE_AUTH_TOKEN@249 -> npm publish --access public@251 | sink=npm publish@251 -> registry.npmjs.org@202 (sink loai tru muc 2.2, xac thuc dung chu) | why=NPM_TOKEN xac thuc voi dung npm registry la chu so huu; GATEWAY_TOKEN@36,196 -> with.token cua actions/checkout la sink loai tru; GITHUB_TOKEN@334 -> softprops/action-gh-release trong chinh repo; cac script bash@54,100,106,112,155,159 khong co secret trong env cua step do; curl@152,294 tai binary tu github releases khong mang secret | basis=arbiter:nhi | rev=v1.0"
A0066,BitGo/BitGoJS,audit-api-spec.yaml,S1_secret_and_sink,data/raw/BitGo__BitGoJS__audit-api-spec.yaml,NO_EXFIL,N4,arbiter:nhi,"[N4] src=STATIC_ANALYSIS_BOT_PRIVATE_KEY@242 | path=secrets.STATIC_ANALYSIS_BOT_PRIVATE_KEY@242 -> with.private-key cua actions/create-github-app-token@239 -> outputs.token@251 -> with.token cua BitGo/install-github-release-binary@248 | sink=actions/create-github-app-token@239 -> GitHub App API cua chinh to chuc bitgo@243 | why=private key chi dung de doi lay app token voi GitHub, owner: bitgo va repositories: static-analysis@243-245 la cua chinh to chuc; token dan xuat chi dung de tai binary tu GitHub release cua ho; khong step nao co secret trong env kem lenh mang; curl@172-177 tai vacuum tu github releases khong mang secret | basis=arbiter:nhi | rev=v1.0"
A0067,synthetic-sciences/openscience,catalog.yml,S4_neither,data/raw/synthetic-sciences__openscience__catalog.yml,NO_EXFIL,N-AUTO,agreement,"[N-AUTO] src=- | path=- | sink=- | why=hai annotator dong thuan NO_EXFIL, khong thuoc dien ra soat | basis=agreement | rev=v1.0"
A0068,SUSE/BCI-dockerfile-generator,cleanup-staging.yml,S2_secret_only,data/raw/SUSE__BCI-dockerfile-generator__cleanup-staging.yml,UNCLEAR,U1,arbiter:nhi,"[U1] src=OSC_PASSWORD@58 | path=secrets.OSC_PASSWORD@58 -> env cua step@56-59 -> poetry run scratch-build-bot --from-stdin cleanup@53 | sink=khong xac dinh duoc | why=scratch-build-bot la entry point Python trong repo, noi dung khong co trong Dataset A; ten bien OSC_PASSWORD/OSC_USER goi y xac thuc voi OBS nhung khong xac nhan duoc tinh | basis=arbiter:nhi | rev=v1.0"
A0069,Abhijeet-ist/Abhijeet-ist,profile-3d.yml,S2_secret_only,data/raw/Abhijeet-ist__Abhijeet-ist__profile-3d.yml,UNCLEAR,U2,arbiter:nhi,"[U2] src=GITHUB_TOKEN@16 | path=secrets.GITHUB_TOKEN@16 -> env cua step@15-17 -> third-party action yoshi389111/github-profile-3d-contrib@0.6.0@14 | sink=khong xac dinh duoc | why=noi dung action yoshi389111/github-profile-3d-contrib khong co trong Dataset A, action pin theo tag khong phai SHA; git push@24 dung credential cua actions/checkout trong chinh repo | basis=arbiter:nhi | rev=v1.0"
A0070,InternationalColorConsortium/iccDEV,ci-issue-1948-segmented-curve-repro.yml,S1_secret_and_sink,data/raw/InternationalColorConsortium__iccDEV__ci-issue-1948-segmented-curve-repro.yml,NO_EXFIL,N3,arbiter:nhi,"[N3] src=GITHUB_TOKEN@63 | path=secrets.GITHUB_TOKEN@63 -> container.credentials.password@61-63 -> pull image ghcr.io/internationalcolorconsortium/iccdev@59 | sink=ghcr.io cua chinh to chuc (sink loai tru muc 2.2) | why=secret duy nhat trong file chi dung de pull container image tu ghcr chinh chu; moi checkout deu persist-credentials: false@81,90,251,260,418,427; cac step con chu dong unset GITHUB_TOKEN@99,227,269,437,454; Invoke-WebRequest@442 tai vcpkg deps tu github releases khong mang secret | basis=arbiter:nhi | rev=v1.0"
A0071,kubeflow/mcp-server,osv-scanner-bump.yaml,S1_secret_and_sink,data/raw/kubeflow__mcp-server__osv-scanner-bump.yaml,UNCLEAR,U2,arbiter:nhi,"[U2] src=WORKFLOW_BUMP_TOKEN@96, GITHUB_TOKEN@96 | path=secrets.WORKFLOW_BUMP_TOKEN || secrets.GITHUB_TOKEN@96 -> with.token cua third-party action peter-evans/create-pull-request@5f6978faf089d4d20b00c7766989d076bb2fc7f1@89 | sink=khong xac dinh duoc | why=noi dung action peter-evans/create-pull-request khong co trong Dataset A; GH_TOKEN@25 -> gh api repos/google/osv-scanner@29 chi doc public API khong gui secret di dau; curl@58,65 tai file tu github releases khong mang secret; python3 .github/scripts/*.py@40,79 khong co secret trong env cua step do | basis=arbiter:nhi | rev=v1.0"
A0072,curie-eng/curie,chart-index.yaml,S1_secret_and_sink,data/raw/curie-eng__curie__chart-index.yaml,NO_EXFIL,N4,arbiter:nhi,"[N4] src=GITHUB_TOKEN@46 (lap lai @69,81,111,156) | path=secrets.GITHUB_TOKEN@156 -> env GH_TOKEN@156 -> base64 -w0@159 -> auth_header -> GIT_CONFIG_VALUE_0 AUTHORIZATION basic@163 va CR_TOKEN@164 -> git push@178 / cr index --push@198 | sink=git push@178 va cr index --push@198 -> https://github.com/${GITHUB_REPOSITORY}.git@177 (chinh repo) | why=GITHUB_TOKEN chi xac thuc voi GitHub cua chinh repo; gh api@49, gh release download@86, gh attestation verify@118 deu --repo $GITHUB_REPOSITORY; python3 release/authorize.py@74 va integrity.py@93 co GH_TOKEN trong env nhung tham so --repo cho thay chi goi GitHub API cua chinh repo; curl@144 tai chart-releaser tu github releases khong mang secret | basis=arbiter:nhi | rev=v1.0"
A0073,IsmaelMartinez/teams-for-linux,flathub-beta-bump.yml,S1_secret_and_sink,data/raw/IsmaelMartinez__teams-for-linux__flathub-beta-bump.yml,NO_EXFIL,N4,arbiter:nhi,"[N4] src=FLATHUB_TOKEN@252, GITHUB_TOKEN@58 | path=secrets.FLATHUB_TOKEN@252 -> env GH_TOKEN@252 -> git push --force origin@296 va gh pr create --repo $PACKAGING_REPO@305-306 | sink=github.com/flathub/com.github.IsmaelMartinez.teams_for_linux@45 (repo dich cua chinh maintainer, sink loai tru muc 2.2) | why=FLATHUB_TOKEN la token GitHub dung de push/mo PR sang repo packaging tren chinh GitHub, xac thuc voi dung chu so huu; GITHUB_TOKEN@58,98 -> gh release list/view/api deu --repo $GITHUB_REPOSITORY; curl@129-130 GET raw.githubusercontent.com khong mang secret; python3 heredoc@156-243 chi doc AMD64_SHA/ARM64_SHA/METAINFO_SHA khong phai secret | basis=arbiter:nhi | rev=v1.0"
A0074,ugurkocde/IntuneBrew,build-app-packages.yml,S1_secret_and_sink,data/raw/ugurkocde__IntuneBrew__build-app-packages.yml,NO_EXFIL,N4,arbiter:nhi,"[N4] src=PAT@1255, AZURE_STORAGE_CONNECTION_STRING@218 | path=secrets.PAT@1255 -> noi suy truc tiep vao URL git push https://${{ secrets.PAT }}@github.com/${{ github.repository }}.git@1255 (lap lai @1357) ; secrets.AZURE_STORAGE_CONNECTION_STRING@218 -> env cua step Process apps@217-218 -> az storage blob upload/list/download@356,577,699,1007,1081 | sink=git push -> github.com/${{ github.repository }}@1255 (chinh repo) ; az storage blob upload@1081 -> Azure Storage cua chinh ho (intunebrew.blob.core.windows.net@1098) | why=PAT xac thuc voi GitHub cua chinh repo; connection string xac thuc voi Azure Storage la chu so huu, container pkg cua chinh ho; curl@470,502,635,750,822,843,851,901,926 chi tai artifact tu vendor URL khong mang secret; python .github/scripts/*.py@98,1309 khong co secret trong env cua step do | basis=arbiter:nhi | rev=v1.0"
A0075,hivecommons/hive,docker.yml,S2_secret_only,data/raw/hivecommons__hive__docker.yml,NO_EXFIL,N-AUTO,agreement,"[N-AUTO] src=- | path=- | sink=- | why=hai annotator dong thuan NO_EXFIL, khong thuoc dien ra soat | basis=agreement | rev=v1.0"
A0076,Dicklesworthstone/franken_networkx,ci.yml,S3_sink_only,data/raw/Dicklesworthstone__franken_networkx__ci.yml,NO_EXFIL,N-AUTO,agreement,"[N-AUTO] src=- | path=- | sink=- | why=hai annotator dong thuan NO_EXFIL, khong thuoc dien ra soat | basis=agreement | rev=v1.0"
A0077,nextcloud/health,release-appstore.yml,S1_secret_and_sink,data/raw/nextcloud__health__release-appstore.yml,UNCLEAR,U2,arbiter:nhi,"[U2] src=APPSTORE_TOKEN@158, APP_PRIVATE_KEY@160 | path=secrets.APPSTORE_TOKEN@158 + secrets.APP_PRIVATE_KEY@160 -> with: cua R0Wi/nextcloud-appstore-push-action@155 | sink=khong xac dinh duoc | why=hai secret truyen vao third-party action, noi dung action khong co trong Dataset A; cac duong khac deu dong: APP_PRIVATE_KEY/APP_PUBLIC_CRT@104-105 -> file@118-119 -> occ integrity:sign-app@120 la ky cuc bo (N2), github.token@144 -> gh release upload@150 la sink loai tru muc 2.2 (N3) | basis=arbiter:nhi | rev=v1.0"
A0078,SonarSource/sonar-rust,build.yml,S1_secret_and_sink,data/raw/SonarSource__sonar-rust__build.yml,NO_EXFIL,N1,arbiter:nhi,"[N1] src=- | path=- | sink=- | why=khong co ${{ secrets.* }} nao trong file, khong co secrets: inherit; token lay tu Vault qua SonarSource/vault-action-wrapper@236 roi doc bang fromJSON(steps.secrets.outputs.vault)@243,282,322 - day la step output khong phai GitHub secret; curl@39,274 tai rustup khong mang secret | basis=arbiter:nhi | rev=v1.0"
A0079,castacks/AirStack,docker-build.yml,S2_secret_only,data/raw/castacks__AirStack__docker-build.yml,NO_EXFIL,N-AUTO,agreement,"[N-AUTO] src=- | path=- | sink=- | why=hai annotator dong thuan NO_EXFIL, khong thuoc dien ra soat | basis=agreement | rev=v1.0"
A0080,opencast/opencast,pr-comment-build-url.yml,S2_secret_only,data/raw/opencast__opencast__pr-comment-build-url.yml,NO_EXFIL,N-AUTO,agreement,"[N-AUTO] src=- | path=- | sink=- | why=hai annotator dong thuan NO_EXFIL, khong thuoc dien ra soat | basis=agreement | rev=v1.0"
A0081,flatcar/scripts,update-metadata-glsa.yaml,S1_secret_and_sink,data/raw/flatcar__scripts__update-metadata-glsa.yaml,NO_EXFIL,N-AUTO,agreement,"[N-AUTO] src=- | path=- | sink=- | why=hai annotator dong thuan NO_EXFIL, khong thuoc dien ra soat | basis=agreement | rev=v1.0"
A0082,hw-native-sys/PTOAS,watchdog.yml,S2_secret_only,data/raw/hw-native-sys__PTOAS__watchdog.yml,NO_EXFIL,N-AUTO,agreement,"[N-AUTO] src=- | path=- | sink=- | why=hai annotator dong thuan NO_EXFIL, khong thuoc dien ra soat | basis=agreement | rev=v1.0"
A0083,free2z/zuu,rs.yml,S2_secret_only,data/raw/free2z__zuu__rs.yml,NO_EXFIL,N-AUTO,agreement,"[N-AUTO] src=- | path=- | sink=- | why=hai annotator dong thuan NO_EXFIL, khong thuoc dien ra soat | basis=agreement | rev=v1.0"
A0084,ipnet-mesh/meshcore-hub,ci.yml,S2_secret_only,data/raw/ipnet-mesh__meshcore-hub__ci.yml,NO_EXFIL,N-AUTO,agreement,"[N-AUTO] src=- | path=- | sink=- | why=hai annotator dong thuan NO_EXFIL, khong thuoc dien ra soat | basis=agreement | rev=v1.0"
A0085,lauslim12/japanese-duolingo-visualizer,run.yml,S2_secret_only,data/raw/lauslim12__japanese-duolingo-visualizer__run.yml,UNCLEAR,U1,arbiter:nhi,"[U1] src=DUOLINGO_USERNAME@42, DUOLINGO_PASSWORD@43, DUOLINGO_JWT@44 | path=secrets@42-44 -> env cua step Execute Python script@41-44 -> uv run main.py@40 | sink=khong xac dinh duoc | why=noi dung main.py khong co trong Dataset A; script ghi ra data/duolingo-progress.json duoc commit@54 va deploy len GitHub Pages@66, nen phai doc main.py moi biet co secret trong output khong; GIT_AUTHOR_NAME/EMAIL@55-56 -> EndBug/add-and-commit chi la metadata commit | basis=arbiter:nhi | rev=v1.0"
A0086,LukePrior/nbn-upgrade-map,publish-db-image.yml,S1_secret_and_sink,data/raw/LukePrior__nbn-upgrade-map__publish-db-image.yml,UNCLEAR,U2,arbiter:nhi,"[U2] src=DOCKER_USERNAME@71, DOCKER_PASSWORD@72 | path=secrets.DOCKER_USERNAME@71 + secrets.DOCKER_PASSWORD@72 -> with.username/password cua third-party action peter-evans/dockerhub-description@v4@69 | sink=khong xac dinh duoc | why=noi dung action peter-evans/dockerhub-description khong co trong Dataset A, pin theo tag khong phai SHA; duong khac dong: cung credential@34-35 -> docker/login-action@32 la sink loai tru muc 2.2 (N4/N3); curl@40,56 khong mang secret | basis=arbiter:nhi | rev=v1.0"
A0087,11notes/docker-netbird,run.yml,S1_secret_and_sink,data/raw/11notes__docker-netbird__run.yml,UNCLEAR,U2,arbiter:nhi,"[U2] src=REPOSITORY_TOKEN@62 | path=secrets.REPOSITORY_TOKEN@62 -> with.token cua benc-uk/workflow-dispatch@7a027648b88c2413826b6ddd6c76114894dc5ec4@58 | sink=khong xac dinh duoc | why=noi dung action benc-uk/workflow-dispatch khong co trong Dataset A; curl@36,37,39,45 chi GET api.github.com/hub.docker.com/raw.githubusercontent khong mang secret; WORKFLOW_UPDATE_BASE64JSON@41,49 la du lieu version khong phai secret | basis=arbiter:nhi | rev=v1.0"
A0088,emersonfelipesp/netbox-sdk,publish-metadata.yml,S4_neither,data/raw/emersonfelipesp__netbox-sdk__publish-metadata.yml,NO_EXFIL,N-AUTO,agreement,"[N-AUTO] src=- | path=- | sink=- | why=hai annotator dong thuan NO_EXFIL, khong thuoc dien ra soat | basis=agreement | rev=v1.0"
A0089,papi-ux/polaris,nix.yml,S3_sink_only,data/raw/papi-ux__polaris__nix.yml,NO_EXFIL,N-AUTO,agreement,"[N-AUTO] src=- | path=- | sink=- | why=hai annotator dong thuan NO_EXFIL, khong thuoc dien ra soat | basis=agreement | rev=v1.0"
A0090,znxftw/rudim,tournament.yml,S3_sink_only,data/raw/znxftw__rudim__tournament.yml,NO_EXFIL,N-AUTO,agreement,"[N-AUTO] src=- | path=- | sink=- | why=hai annotator dong thuan NO_EXFIL, khong thuoc dien ra soat | basis=agreement | rev=v1.0"
A0091,andy128k/password-storage,ci_linux.yml,S3_sink_only,data/raw/andy128k__password-storage__ci_linux.yml,NO_EXFIL,N-AUTO,agreement,"[N-AUTO] src=- | path=- | sink=- | why=hai annotator dong thuan NO_EXFIL, khong thuoc dien ra soat | basis=agreement | rev=v1.0"
A0092,cerberauth/vulnapi,scans.yml,S1_secret_and_sink,data/raw/cerberauth__vulnapi__scans.yml,NO_EXFIL,N3,arbiter:nhi,"[N3] src=GITHUB_TOKEN@56 (lap lai @215,267,305,358,406,578,641,706) | path=secrets.GITHUB_TOKEN@56 -> with.password cua docker/login-action@52 | sink=docker/login-action -> ghcr.io (sink loai tru muc 2.2, xac thuc voi dung chu so huu) | why=secret duy nhat trong file la GITHUB_TOKEN, moi lan xuat hien deu chi vao docker/login-action; cac token trong lenh vulnapi@234,281,320,373,420,594 la gia tri test hardcode (abcdef1234, valid-token) va JWT sinh tu container, khong phai secret; moi scan deu tro toi localhost | basis=arbiter:nhi | rev=v1.0"
A0093,EVEDensity/AgentHub,desktop-windows.yml,S1_secret_and_sink,data/raw/EVEDensity__AgentHub__desktop-windows.yml,UNCLEAR,U5,arbiter:nhi,"[U5] src=AGENTHUB_INTEGRATION_ARTIFACT_TOKEN@122, AGENTHUB_INTEGRATION_ARTIFACT_URL@121, MC_TOKEN@116, GW_TOKEN@118, MCP_TOKEN@120 | path=secrets.AGENTHUB_INTEGRATION_ARTIFACT_TOKEN@122 -> env ARTIFACT_TOKEN@122 -> $artifactHeaders Authorization Bearer@149 -> Invoke-WebRequest@150,156,158,161 ; secrets MC/GW/MCP_TOKEN@116,118,120 -> Set-Content ghi ra file token@131-133 -> *_TOKEN_FILE@143-145 -> python scripts/runner_deployment_preflight.py --http-probe@148 | sink=Invoke-WebRequest@150,156,158,161 -> $env:ARTIFACT_URL@155 ; ARTIFACT_URL la secrets@121 nen khong giai duoc tinh | why=cac endpoint MC_URL/GW_URL/MCP_URL/ARTIFACT_URL deu la secret nen khong xac dinh duoc chung co phai ha tang chinh chu hay ben thu ba; token gui o header Authorization la xac thuc nhung khong chot duoc N4 hay E4; ngoai ra ba token duoc ghi ra file@131-133 roi chuyen cho scripts/runner_deployment_preflight.py@148 la script repo khong co trong Dataset A | basis=arbiter:nhi | rev=v1.0"
A0094,datadrivenconstruction/OpenConstructionERP,repo-hygiene.yml,S4_neither,data/raw/datadrivenconstruction__OpenConstructionERP__repo-hygiene.yml,NO_EXFIL,N-AUTO,agreement,"[N-AUTO] src=- | path=- | sink=- | why=hai annotator dong thuan NO_EXFIL, khong thuoc dien ra soat | basis=agreement | rev=v1.0"
A0095,ubugeeei-prod/ox-content,release-recovery.yml,S3_sink_only,data/raw/ubugeeei-prod__ox-content__release-recovery.yml,NO_EXFIL,N-AUTO,agreement,"[N-AUTO] src=- | path=- | sink=- | why=hai annotator dong thuan NO_EXFIL, khong thuoc dien ra soat | basis=agreement | rev=v1.0"
A0096,doobidoo/mcp-memory-service,cleanup-images.yml,S1_secret_and_sink,data/raw/doobidoo__mcp-memory-service__cleanup-images.yml,NO_EXFIL,N4,arbiter:nhi,"[N4] src=DOCKER_USERNAME@231, DOCKER_PASSWORD@232 | path=secrets@231-232 -> env cua step@230-232 -> os.environ.get@210-211 -> DockerHubCleaner(username, password)@220 -> self.username/self.password@104-105 -> requests.post json body@111-112 | sink=requests.post@111 -> https://hub.docker.com/v2/users/login/@108 (hardcode, sink loai tru muc 2.2) | why=credential gui trong body de dang nhap dung Docker Hub la chu so huu; api_base hardcode@108 khong phai bien; token tra ve@114 chi dung cho header Authorization toi cung API do@120,136 | basis=arbiter:nhi | rev=v1.0"
A0097,stanford-centaur/smt-switch,ci.yml,S4_neither,data/raw/stanford-centaur__smt-switch__ci.yml,NO_EXFIL,N-AUTO,agreement,"[N-AUTO] src=- | path=- | sink=- | why=hai annotator dong thuan NO_EXFIL, khong thuoc dien ra soat | basis=agreement | rev=v1.0"
A0098,open-telemetry/opentelemetry.io,auto-update-registry.yml,S2_secret_only,data/raw/open-telemetry__opentelemetry.io__auto-update-registry.yml,UNCLEAR,U1,arbiter:nhi,"[U1] src=OTELBOT_DOCS_PRIVATE_KEY@57, steps.otelbot-token.outputs.token@68 | path=secrets.OTELBOT_DOCS_PRIVATE_KEY@57 -> with.private-key cua actions/create-github-app-token@51 -> steps.otelbot-token.outputs.token@68 -> env GH_TOKEN@68 -> .github/scripts/update-registry-versions.sh@63 | sink=khong xac dinh duoc | why=noi dung update-registry-versions.sh khong co trong Dataset A; script co GH_TOKEN va GITHUB_TOKEN trong env, comment@67 noi no push branch va goi gh nhung khong xac nhan duoc tinh | basis=arbiter:nhi | rev=v1.0"
A0099,stefanko-ch/Nexus-Stack,spin-up.yml,S1_secret_and_sink,data/raw/stefanko-ch__Nexus-Stack__spin-up.yml,UNCLEAR,U1,arbiter:nhi,"[U1] src=CLOUDFLARE_API_TOKEN@118, HCLOUD_TOKEN@121, INFISICAL_TOKEN@124, SSH_PRIVATE_KEY@678, GH_MIRROR_TOKEN@679, R2_SECRET_ACCESS_KEY@707 | path=~20 secrets -> env TF_VAR_* cap job@117-142 -> ke thua moi step -> .github/scripts/log-to-d1.sh@190,919,1013,1336 va sync-deployed-state.sh@1326 va python -m nexus_deploy run-pipeline@781, select-capacity@436 | sink=khong xac dinh duoc | why=noi dung log-to-d1.sh, sync-deployed-state.sh va package nexus_deploy khong co trong Dataset A, tat ca deu chay voi ~20 secret trong env cap job; cac duong doc duoc deu dong: HCLOUD_TOKEN@469,645 -> header Authorization toi api.hetzner.cloud (N4), RESEND_API_KEY@1394 -> header toi api.resend.com (N4), R2 creds@443-444 -> tofu backend (N4) | basis=arbiter:nhi | rev=v1.0"
A0100,managarm/bootstrap-managarm,container.yml,S1_secret_and_sink,data/raw/managarm__bootstrap-managarm__container.yml,NO_EXFIL,N-AUTO,agreement,"[N-AUTO] src=- | path=- | sink=- | why=hai annotator dong thuan NO_EXFIL, khong thuoc dien ra soat | basis=agreement | rev=v1.0"
A0101,proteanhq/protean,ci.yml,S2_secret_only,data/raw/proteanhq__protean__ci.yml,UNCLEAR,U2,arbiter:nhi,"[U2] src=CODECOV_TOKEN@68 | path=secrets.CODECOV_TOKEN@68 -> with.codecov-token cua composite action ./.github/actions/test-suite@59 | sink=khong xac dinh duoc | why=noi dung .github/actions/test-suite/action.yml khong co trong Dataset A; day la secret duy nhat trong file, cac job mypy/lint/dx-pack/docs-deploy deu khong co secret nao | basis=arbiter:nhi | rev=v1.0"
A0102,openclaw/openclaw-rtt,main-channel-rtt.yml,S2_secret_only,data/raw/openclaw__openclaw-rtt__main-channel-rtt.yml,NO_EXFIL,N-AUTO,agreement,"[N-AUTO] src=- | path=- | sink=- | why=hai annotator dong thuan NO_EXFIL, khong thuoc dien ra soat | basis=agreement | rev=v1.0"
A0103,Guillain-RDCDE/FLAC_Detective,coreaudio-arm.yml,S4_neither,data/raw/Guillain-RDCDE__FLAC_Detective__coreaudio-arm.yml,NO_EXFIL,N-AUTO,agreement,"[N-AUTO] src=- | path=- | sink=- | why=hai annotator dong thuan NO_EXFIL, khong thuoc dien ra soat | basis=agreement | rev=v1.0"
A0104,kody-w/rappterbook,auto-outreach.yml,S2_secret_only,data/raw/kody-w__rappterbook__auto-outreach.yml,NO_EXFIL,N-AUTO,agreement,"[N-AUTO] src=- | path=- | sink=- | why=hai annotator dong thuan NO_EXFIL, khong thuoc dien ra soat | basis=agreement | rev=v1.0"
A0105,intentic/intentic,release.yml,S2_secret_only,data/raw/intentic__intentic__release.yml,UNCLEAR,U1,arbiter:nhi,"[U1] src=DISCORD_RELEASE_WEBHOOK@381, TAURI_SIGNING_PRIVATE_KEY@98, WINDOWS_SIGN_STOREPASS@107, POSTHOG_KEY@110 | path=secrets.DISCORD_RELEASE_WEBHOOK@381 -> env cap job publish@375-395 -> pnpm exec semantic-release@453 -> successCmd trong .releaserc.json -> post-release-discord.mjs ; secrets.TAURI_SIGNING_PRIVATE_KEY@98 + WINDOWS_SIGN_*@103-107 -> env cap job@93-110 -> bash _tools/scripts/desktop/build-desktop.sh@120 | sink=khong xac dinh duoc | why=noi dung post-release-discord.mjs, .releaserc.json, build-desktop.sh, sign-windows.sh, release-plan.mjs@74 deu khong co trong Dataset A; secret dat o env cap job nen moi script ke thua; docker/login-action@432 va GITHUB_TOKEN@436 -> ghcr.io chinh chu la sink loai tru (N3) | basis=arbiter:nhi | rev=v1.0"
A0106,cadet/CADET-Core,ci.yml,S3_sink_only,data/raw/cadet__CADET-Core__ci.yml,NO_EXFIL,N1,arbiter:nhi,"[N1] src=- | path=- | sink=- | why=toan file khong co ${{ secrets.* }} nao, khong co secrets: inherit, khong co GITHUB_TOKEN; Invoke-WebRequest@96,102,104,118 va git clone@205 chi tai dependency cong khai | basis=arbiter:nhi | rev=v1.0"
A0107,pentoo/pentoo-overlay,pkgcheck.yaml,S4_neither,data/raw/pentoo__pentoo-overlay__pkgcheck.yaml,NO_EXFIL,N-AUTO,agreement,"[N-AUTO] src=- | path=- | sink=- | why=hai annotator dong thuan NO_EXFIL, khong thuoc dien ra soat | basis=agreement | rev=v1.0"
A0108,corosolto/client,staging.yml,S1_secret_and_sink,data/raw/corosolto__client__staging.yml,NO_EXFIL,N5,arbiter:nhi,"[N5] src=STAGING_URL@39, STAGING_URL@44 | path=secrets.STAGING_URL@39 -> URL cua curl@39 ; secrets.STAGING_URL@44 -> env BASE_URL@44 -> npx playwright test@45 | sink=curl@39 -> $STAGING_URL (secret la dich den, khong phai du lieu gui di) | why=secret chi dong vai tro dia chi dich va base URL cho test, khong co gia tri secret nao nam trong payload gui di; upload-artifact@48 chi day trace khi test fail | basis=arbiter:nhi | rev=v1.0"
A0109,Layr-Labs/d-inference,release-swift.yml,S1_secret_and_sink,data/raw/Layr-Labs__d-inference__release-swift.yml,UNCLEAR,U5,arbiter:nhi,"[U5] src=RELEASE_KEY@818 (tu DEV_RELEASE_KEY@146 hoac PROD_RELEASE_KEY@147), COORDINATOR_URL@817 | path=secrets.PROD_RELEASE_KEY@147 -> env@147 -> vong lap resolve@161-177 -> echo ""${outkey}=${value}"" >> $GITHUB_ENV@176 -> env.release_key@818 -> $RELEASE_KEY -> header Authorization Bearer@850 -> curl@849 | sink=curl@849 -> ${COORDINATOR_URL}/v1/releases ; COORDINATOR_URL cung la secret@144-145 nen khong giai duoc tinh | why=khong xac dinh duoc coordinator endpoint la ha tang chinh chu hay ben thu ba nen khong chot duoc N4 hay E4; cac duong khac dong: R2 creds@793-794 -> aws s3 cp toi $R2_ENDPOINT cung la secret nhung la S3 upload artifact khong phai secret content; APPLE_ID/APPLE_APP_PASSWORD@631-632 -> xcrun notarytool toi Apple la N4; APPLE_CERTIFICATE_P12@204 -> base64 decode -> file@209 -> security import@215 la N2 | basis=arbiter:nhi | rev=v1.0"
A0110,spring-cloud/spring-functions-catalog,auto-cherry-pick.yml,S2_secret_only,data/raw/spring-cloud__spring-functions-catalog__auto-cherry-pick.yml,NO_EXFIL,N-AUTO,agreement,"[N-AUTO] src=- | path=- | sink=- | why=hai annotator dong thuan NO_EXFIL, khong thuoc dien ra soat | basis=agreement | rev=v1.0"
A0111,reloop-labs/reloop,be-campaigns.yml,S1_secret_and_sink,data/raw/reloop-labs__reloop__be-campaigns.yml,NO_EXFIL,N4,arbiter:nhi,"[N4] src=COOLIFY_TOKEN@71, DOCKERHUB_TOKEN@41, DOCKERHUB_USERNAME@20 | path=secrets.COOLIFY_TOKEN@71 -> header Authorization Bearer@71 -> curl@70 ; secrets.DOCKERHUB_TOKEN@41 -> with.password cua docker/login-action@37 | sink=curl@70 -> https://coolify.reloop.sh/api/v1/deploy (hardcode, self-hosted cua reloop-labs) ; docker/login-action@37 -> docker.io (sink loai tru muc 2.2) | why=COOLIFY_TOKEN xac thuc voi dung Coolify tu host cua to chuc so huu repo, endpoint hardcode doc duoc; DOCKERHUB_TOKEN vao docker/login-action la sink loai tru; DOCKERHUB_USERNAME@20 chi la ten image khong phai du lieu gui di | basis=arbiter:nhi | rev=v1.0"
A0112,Insajin/autopus-adk,adk-key-rotation-receive.yml,S2_secret_only,data/raw/Insajin__autopus-adk__adk-key-rotation-receive.yml,NO_EXFIL,N-AUTO,agreement,"[N-AUTO] src=- | path=- | sink=- | why=hai annotator dong thuan NO_EXFIL, khong thuoc dien ra soat | basis=agreement | rev=v1.0"
A0113,ArgonneCPAC/diffsky,mockgen_opencosmo_release.yaml,S1_secret_and_sink,data/raw/ArgonneCPAC__diffsky__mockgen_opencosmo_release.yaml,NO_EXFIL,N6,arbiter:nhi,"[N6] src=CPAC_PRIVATE_REPO_TOKEN@46, GH_USR_TESTING_TOKEN@47 | path=secrets@46-47 -> env GITHUB_TOKEN/GITHUB_USER cua step ""configure conda and install code""@45-47 ; block run@49-76 chi co conda install/uninstall va pip install git+https://github.com/ArgonneCPAC/*.git@69-74, khong lenh nao tham chieu $GITHUB_TOKEN hay $GITHUB_USER | sink=- | why=hai secret dat trong env nhung khong lenh nao trong block run su dung chung; pip install git+ tro toi repo cong khai ArgonneCPAC/AstroPatty, la sink loai tru muc 2.2; wget@90-103 tai data tu github releases khong mang secret | basis=arbiter:nhi | rev=v1.0"
A0114,OpenRAL/openral,release-please.yml,S2_secret_only,data/raw/OpenRAL__openral__release-please.yml,NO_EXFIL,N-AUTO,agreement,"[N-AUTO] src=- | path=- | sink=- | why=hai annotator dong thuan NO_EXFIL, khong thuoc dien ra soat | basis=agreement | rev=v1.0"
A0115,chuspeeism/dashi-taskboard,release-macos.yml,S1_secret_and_sink,data/raw/chuspeeism__dashi-taskboard__release-macos.yml,NO_EXFIL,N-AUTO,agreement,"[N-AUTO] src=- | path=- | sink=- | why=hai annotator dong thuan NO_EXFIL, khong thuoc dien ra soat | basis=agreement | rev=v1.0"
A0116,denysdovhan/ha-ukr-hmc,release.yml,S2_secret_only,data/raw/denysdovhan__ha-ukr-hmc__release.yml,NO_EXFIL,N-AUTO,agreement,"[N-AUTO] src=- | path=- | sink=- | why=hai annotator dong thuan NO_EXFIL, khong thuoc dien ra soat | basis=agreement | rev=v1.0"
A0117,94fzb/zrlog,docker-release-publish.yml,S1_secret_and_sink,data/raw/94fzb__zrlog__docker-release-publish.yml,NO_EXFIL,N4,arbiter:nhi,"[N4] src=DOCKER_PASSWORD@103, ALIYUN_DOCKER_PASSWORD@111 | path=secrets.DOCKER_PASSWORD@103 -> with.password cua docker/login-action@100 (lap lai @248,353) ; secrets.ALIYUN_DOCKER_PASSWORD@111 -> with.password cua docker/login-action@107 (lap lai @255,361) | sink=docker/login-action -> Docker Hub (zrlog@102) va registry.cn-chengdu.aliyuncs.com (90xchun@110), deu la sink loai tru muc 2.2 | why=ca hai credential chi vao docker/login-action de xac thuc voi dung registry so huu chung, username hardcode; docker push@397 va buildx imagetools@157,273,279 dung phien dang nhap khong tham chieu secret; cosign sign@334,424 dung keyless OIDC (id-token: write@27) khong co secret | basis=arbiter:nhi | rev=v1.0"
A0118,adalinesimonian/gdvm,update-registry-v2.yml,S2_secret_only,data/raw/adalinesimonian__gdvm__update-registry-v2.yml,NO_EXFIL,N-AUTO,agreement,"[N-AUTO] src=- | path=- | sink=- | why=hai annotator dong thuan NO_EXFIL, khong thuoc dien ra soat | basis=agreement | rev=v1.0"
A0119,betagouv/csplab,chore_require_pr_fields.yml,S2_secret_only,data/raw/betagouv__csplab__chore_require_pr_fields.yml,NO_EXFIL,N-AUTO,agreement,"[N-AUTO] src=- | path=- | sink=- | why=hai annotator dong thuan NO_EXFIL, khong thuoc dien ra soat | basis=agreement | rev=v1.0"
A0120,reloop-labs/reloop,be-mail.yml,S1_secret_and_sink,data/raw/reloop-labs__reloop__be-mail.yml,NO_EXFIL,N4,arbiter:nhi,"[N4] src=COOLIFY_TOKEN@76, DOCKERHUB_TOKEN@45, DOCKERHUB_USERNAME@21 | path=secrets.COOLIFY_TOKEN@76 -> header Authorization Bearer@76 -> curl@75 ; secrets.DOCKERHUB_TOKEN@45 -> with.password cua docker/login-action@41 | sink=curl@75 -> https://coolify.reloop.sh/api/v1/deploy (hardcode, self-hosted cua reloop-labs) ; docker/login-action@41 -> docker.io (sink loai tru muc 2.2) | why=COOLIFY_TOKEN xac thuc voi dung Coolify tu host cua to chuc so huu repo, endpoint hardcode doc duoc; DOCKERHUB_TOKEN vao docker/login-action la sink loai tru; DOCKERHUB_USERNAME@21 chi dung dat ten image | basis=arbiter:nhi | rev=v1.0"
A0121,ourresearch/openalex-walden,build-dlt-utils-wheel.yml,S1_secret_and_sink,data/raw/ourresearch__openalex-walden__build-dlt-utils-wheel.yml,UNCLEAR,U5,arbiter:nhi,"[U5] src=DATABRICKS_CLIENT_SECRET@35, DATABRICKS_HOST@33 | path=secrets.DATABRICKS_CLIENT_SECRET@35 -> env@35 -> -d client_secret cua curl@40 | sink=curl@39 -> ${DATABRICKS_HOST}/oidc/v1/token ; DATABRICKS_HOST la secrets@33 nen khong giai duoc tinh | why=endpoint la secret nen khong xac dinh duoc co phai Databricks workspace chinh chu hay khong; cung hinh dang voi A0299 | basis=arbiter:nhi | rev=v1.0"
A0122,hugalafutro/model-hotel,sync-wiki.yml,S1_secret_and_sink,data/raw/hugalafutro__model-hotel__sync-wiki.yml,NO_EXFIL,N-AUTO,agreement,"[N-AUTO] src=- | path=- | sink=- | why=hai annotator dong thuan NO_EXFIL, khong thuoc dien ra soat | basis=agreement | rev=v1.0"
A0123,virtualcell/vcell,site_deploy.yml,S1_secret_and_sink,data/raw/virtualcell__vcell__site_deploy.yml,NO_EXFIL,N-AUTO,agreement,"[N-AUTO] src=- | path=- | sink=- | why=hai annotator dong thuan NO_EXFIL, khong thuoc dien ra soat | basis=agreement | rev=v1.0"
A0124,navikt/copilot,gitleaks.yaml,S3_sink_only,data/raw/navikt__copilot__gitleaks.yaml,NO_EXFIL,N-AUTO,agreement,"[N-AUTO] src=- | path=- | sink=- | why=hai annotator dong thuan NO_EXFIL, khong thuoc dien ra soat | basis=agreement | rev=v1.0"
A0125,exelearning/exelearning,issue-translator.yml,S3_sink_only,data/raw/exelearning__exelearning__issue-translator.yml,NO_EXFIL,N-AUTO,agreement,"[N-AUTO] src=- | path=- | sink=- | why=hai annotator dong thuan NO_EXFIL, khong thuoc dien ra soat | basis=agreement | rev=v1.0"
A0126,esbmc/esbmc,pull_request.yml,S1_secret_and_sink,data/raw/esbmc__esbmc__pull_request.yml,NO_EXFIL,N-AUTO,agreement,"[N-AUTO] src=- | path=- | sink=- | why=hai annotator dong thuan NO_EXFIL, khong thuoc dien ra soat | basis=agreement | rev=v1.0"
A0127,nexi-lab/nexus,docs.yml,S4_neither,data/raw/nexi-lab__nexus__docs.yml,NO_EXFIL,N-AUTO,agreement,"[N-AUTO] src=- | path=- | sink=- | why=hai annotator dong thuan NO_EXFIL, khong thuoc dien ra soat | basis=agreement | rev=v1.0"
A0128,TcMenu/tcMenu,build_windows.yml,S4_neither,data/raw/TcMenu__tcMenu__build_windows.yml,NO_EXFIL,N-AUTO,agreement,"[N-AUTO] src=- | path=- | sink=- | why=hai annotator dong thuan NO_EXFIL, khong thuoc dien ra soat | basis=agreement | rev=v1.0"
A0129,dfrysinger/qrspi-plus,gaw-nexus-runner.yml,S1_secret_and_sink,data/raw/dfrysinger__qrspi-plus__gaw-nexus-runner.yml,NO_EXFIL,N-AUTO,agreement,"[N-AUTO] src=- | path=- | sink=- | why=hai annotator dong thuan NO_EXFIL, khong thuoc dien ra soat | basis=agreement | rev=v1.0"
A0130,corosolto/client,deploy-prod.yml,S1_secret_and_sink,data/raw/corosolto__client__deploy-prod.yml,NO_EXFIL,N4,arbiter:nhi,"[N4] src=CF_API_TOKEN@25, VERCEL_TOKEN@35, VERCEL_ORG_ID@36, VERCEL_PROJECT_ID@37 | path=secrets.CF_API_TOKEN@25 -> env cap job@23-25 -> header Authorization Bearer@49 va @52 -> curl@49, curl@52 ; secrets.VERCEL_TOKEN@35 -> env@35 -> --token cua vercel pull/build/deploy@39-41 | sink=curl@49 -> https://api.cloudflare.com/client/v4/zones (hardcode) ; curl@52 -> https://api.cloudflare.com/client/v4/zones/$ZONE_ID/purge_cache (hardcode) ; vercel@39-41 -> Vercel API | why=CF_API_TOKEN xac thuc voi dung Cloudflare la chu so huu, endpoint hardcode va zone name csbrasil.online@50 la cua chinh ho; VERCEL_TOKEN xac thuc voi dung Vercel; body cua curl@53 chi chua URL tinh khong chua secret | basis=arbiter:nhi | rev=v1.0"
A0131,p2poolv2/p2poolv2,sim-nightly.yml,S3_sink_only,data/raw/p2poolv2__p2poolv2__sim-nightly.yml,NO_EXFIL,N-AUTO,agreement,"[N-AUTO] src=- | path=- | sink=- | why=hai annotator dong thuan NO_EXFIL, khong thuoc dien ra soat | basis=agreement | rev=v1.0"
A0132,NeotokyoRebuild/neo,cibuild.yml,S1_secret_and_sink,data/raw/NeotokyoRebuild__neo__cibuild.yml,NO_EXFIL,N-AUTO,agreement,"[N-AUTO] src=- | path=- | sink=- | why=hai annotator dong thuan NO_EXFIL, khong thuoc dien ra soat | basis=agreement | rev=v1.0"
A0133,mwakidenis/gmart-supermarket,close_or_merge_pull_request.yaml,S1_secret_and_sink,data/raw/mwakidenis__gmart-supermarket__close_or_merge_pull_request.yaml,NO_EXFIL,N-AUTO,agreement,"[N-AUTO] src=- | path=- | sink=- | why=hai annotator dong thuan NO_EXFIL, khong thuoc dien ra soat | basis=agreement | rev=v1.0"
A0134,konflux-ci/konflux-ci,promote-release.yaml,S2_secret_only,data/raw/konflux-ci__konflux-ci__promote-release.yaml,NO_EXFIL,N-AUTO,agreement,"[N-AUTO] src=- | path=- | sink=- | why=hai annotator dong thuan NO_EXFIL, khong thuoc dien ra soat | basis=agreement | rev=v1.0"
A0135,linuxarena/control-tower,claude-ci-autofix.yml,S2_secret_only,data/raw/linuxarena__control-tower__claude-ci-autofix.yml,NO_EXFIL,N-AUTO,agreement,"[N-AUTO] src=- | path=- | sink=- | why=hai annotator dong thuan NO_EXFIL, khong thuoc dien ra soat | basis=agreement | rev=v1.0"
A0136,burin-labs/harn,cli-cold-start-budget.yml,S4_neither,data/raw/burin-labs__harn__cli-cold-start-budget.yml,NO_EXFIL,N-AUTO,agreement,"[N-AUTO] src=- | path=- | sink=- | why=hai annotator dong thuan NO_EXFIL, khong thuoc dien ra soat | basis=agreement | rev=v1.0"
A0137,ever-co/ever-gauzy,agent-prod.yml,S1_secret_and_sink,data/raw/ever-co__ever-gauzy__agent-prod.yml,UNCLEAR,U1,arbiter:nhi,"[U1] src=GH_TOKEN@219, SNAPCRAFT_TOKEN@230, VERDACCIO_TOKEN@180, CSC_LINK_BASE64@664, APPLE_ID_APP_PASSWORD@662 | path=secrets.GH_TOKEN@219 + SNAPCRAFT_STORE_CREDENTIALS@230 + ~8 secret khac -> env cua step Build Agent@217-230 -> yarn build:agent:linux:release:gh:x64@216 (lap lai @448,647,910,1179) ; secrets.VERDACCIO_TOKEN@180 -> composite action ./.github/actions/configure-registry@177 | sink=khong xac dinh duoc | why=noi dung script yarn build:agent:* va cau hinh electron-builder khong co trong Dataset A; composite action .github/actions/configure-registry cung khong co; APPLE_API_KEY_BASE64@639 -> base64 decode -> file /tmp/AuthKey_*.p8@639 -> duong dan truyen vao APPLE_API_KEY@666 cua build script | basis=arbiter:nhi | rev=v1.0"
A0138,curie-eng/curie,ci.yaml,S1_secret_and_sink,data/raw/curie-eng__curie__ci.yaml,NO_EXFIL,N3,arbiter:nhi,"[N3] src=GITHUB_TOKEN@250, GITHUB_TOKEN@1248 | path=secrets.GITHUB_TOKEN@250 -> env GH_TOKEN@250 -> python3 tools/fix-pin-ci/check.py --event $GITHUB_EVENT_PATH --curie ... --ref HEAD@252-255 ; secrets.GITHUB_TOKEN@1248 -> env GH_TOKEN@1248 -> python3 release/preserve_next.py --repo $GITHUB_REPOSITORY@1249 | sink=GitHub API cua chinh repo (sink loai tru muc 2.2) | why=hai script deu nhan tham so --repo/$GITHUB_REPOSITORY va doc Issues/PR API cua chinh repo (comment@25-26 noi ro); moi checkout deu persist-credentials: false; cac slack token@534,2009-2010 la gia tri gia (xapp-ci, xoxb-ci, xapp-example-upgrade) hardcode cho test khong phai secret; moi curl@143,825,847,1963,1997,2133 deu toi localhost hoac public URL khong mang secret | basis=arbiter:nhi | rev=v1.0"
A0139,leuat/TRSE,win32-msvc.yml,S1_secret_and_sink,data/raw/leuat__TRSE__win32-msvc.yml,NO_EXFIL,N-AUTO,agreement,"[N-AUTO] src=- | path=- | sink=- | why=hai annotator dong thuan NO_EXFIL, khong thuoc dien ra soat | basis=agreement | rev=v1.0"
A0140,jellyfin/jellyfin-web,schedule.yml,S2_secret_only,data/raw/jellyfin__jellyfin-web__schedule.yml,NO_EXFIL,N-AUTO,agreement,"[N-AUTO] src=- | path=- | sink=- | why=hai annotator dong thuan NO_EXFIL, khong thuoc dien ra soat | basis=agreement | rev=v1.0"
A0141,nexi-lab/nexus,fuse-plugin-macos-nfs-e2e.yml,S1_secret_and_sink,data/raw/nexi-lab__nexus__fuse-plugin-macos-nfs-e2e.yml,NO_EXFIL,N-AUTO,agreement,"[N-AUTO] src=- | path=- | sink=- | why=hai annotator dong thuan NO_EXFIL, khong thuoc dien ra soat | basis=agreement | rev=v1.0"
A0142,n24q02m/better-telegram-mcp,cd.yml,S1_secret_and_sink,data/raw/n24q02m__better-telegram-mcp__cd.yml,NO_EXFIL,N-AUTO,agreement,"[N-AUTO] src=- | path=- | sink=- | why=hai annotator dong thuan NO_EXFIL, khong thuoc dien ra soat | basis=agreement | rev=v1.0"
A0143,PlantSimulationLab/PyHelios,docs.yml,S1_secret_and_sink,data/raw/PlantSimulationLab__PyHelios__docs.yml,NO_EXFIL,N-AUTO,agreement,"[N-AUTO] src=- | path=- | sink=- | why=hai annotator dong thuan NO_EXFIL, khong thuoc dien ra soat | basis=agreement | rev=v1.0"
A0144,xuange6610/SyncWatch,release-windows.yml,S1_secret_and_sink,data/raw/xuange6610__SyncWatch__release-windows.yml,NO_EXFIL,N2,arbiter:nhi,"[N2] src=android_keystore_base64@265, android_key_properties_base64@266 | path=secrets@265-266 -> env KEYSTORE_BASE64/KEY_PROPERTIES_BASE64@264-266 -> Convert::FromBase64String -> IO.File::WriteAllBytes ra mobile\.keys\*.jks va release.properties@272-273 -> .\mobile\build-apk.ps1@277 ky APK cuc bo | sink=- | why=keystore chi giai ma ra file tren runner de ky APK, xoa ngay sau@290; khong lenh mang nao trong cac step co secret; GH_TOKEN@402,510 va github.token@137 chi dung cho download-artifact va tai asset cua chinh repo (N3); upload-artifact@292 chi day APK da ky khong phai keystore | basis=arbiter:nhi | rev=v1.0"
A0145,JSONbored/metagraphed,indexnow.yml,S4_neither,data/raw/JSONbored__metagraphed__indexnow.yml,NO_EXFIL,N-AUTO,agreement,"[N-AUTO] src=- | path=- | sink=- | why=hai annotator dong thuan NO_EXFIL, khong thuoc dien ra soat | basis=agreement | rev=v1.0"
A0146,sunholo-data/ailang,docusaurus-deploy.yml,S1_secret_and_sink,data/raw/sunholo-data__ailang__docusaurus-deploy.yml,NO_EXFIL,N-AUTO,agreement,"[N-AUTO] src=- | path=- | sink=- | why=hai annotator dong thuan NO_EXFIL, khong thuoc dien ra soat | basis=agreement | rev=v1.0"
A0147,nextcloud/calendar,lint-info-xml.yml,S3_sink_only,data/raw/nextcloud__calendar__lint-info-xml.yml,NO_EXFIL,N-AUTO,agreement,"[N-AUTO] src=- | path=- | sink=- | why=hai annotator dong thuan NO_EXFIL, khong thuoc dien ra soat | basis=agreement | rev=v1.0"
A0148,styler-ai/ProjectAtlas,release.yml,S1_secret_and_sink,data/raw/styler-ai__ProjectAtlas__release.yml,NO_EXFIL,N3,arbiter:nhi,"[N3] src=GITHUB_TOKEN@805, GITHUB_TOKEN@887 | path=secrets.GITHUB_TOKEN@887 -> env GH_TOKEN@887 -> gh release create/upload/view@1058,1051,1069 va gh api@907,1085 | sink=api.github.com cua chinh repo (sink loai tru muc 2.2) | why=moi lenh dung token deu tro toi $GITHUB_REPOSITORY cua chinh repo; cac script python3 .github/scripts/*.py khong co secret trong env tru issue-checklists.py@203 co tham so --repo $GITHUB_REPOSITORY@204; Invoke-WebRequest@1306 tai release asset cong khai | basis=arbiter:nhi | rev=v1.0"
A0149,rayzor-blade/rayzor,nightly.yml,S3_sink_only,data/raw/rayzor-blade__rayzor__nightly.yml,NO_EXFIL,N-AUTO,agreement,"[N-AUTO] src=- | path=- | sink=- | why=hai annotator dong thuan NO_EXFIL, khong thuoc dien ra soat | basis=agreement | rev=v1.0"
A0150,margince/margince,merge-attest.yml,S2_secret_only,data/raw/margince__margince__merge-attest.yml,NO_EXFIL,N-AUTO,agreement,"[N-AUTO] src=- | path=- | sink=- | why=hai annotator dong thuan NO_EXFIL, khong thuoc dien ra soat | basis=agreement | rev=v1.0"
A0151,armbian/documentation,labels-from-yml.yml,S2_secret_only,data/raw/armbian__documentation__labels-from-yml.yml,NO_EXFIL,N-AUTO,agreement,"[N-AUTO] src=- | path=- | sink=- | why=hai annotator dong thuan NO_EXFIL, khong thuoc dien ra soat | basis=agreement | rev=v1.0"
A0152,abusaeeidx/IPTV-Scraper-Zilla,yptv.yml,S1_secret_and_sink,data/raw/abusaeeidx__IPTV-Scraper-Zilla__yptv.yml,UNCLEAR,U3,arbiter:nhi,"[U3] src=secrets.s@15 (env a1), secrets.f@16 (env b2), secrets.gu@17, secrets.ge@18 | path=secrets.s@15 -> env a1@15 -> os.environ[""a1""]@23 -> URL cua curl@23 ; secrets.f@16 -> env b2@16 -> ten file -o@23 -> git add@26 -> git commit@27 -> git push@28 | sink=curl@23 -> $a1 (gia tri secret, khong giai duoc tinh) ; git push@28 -> remote cua actions/checkout@12 | why=URL dich cua curl chinh la gia tri secret nen khong xac dinh duoc; ten secret bi lam mo (s, f, gu, ge) khong suy luan duoc; curl -o tai noi dung ve roi commit thang vao repo nen khong loai tru duoc kha nang secret content bi ghi vao repo | basis=arbiter:nhi | rev=v1.0"
A0153,onyx-dot-app/onyx-foss,pr-craft-k8s-tests.yml,S1_secret_and_sink,data/raw/onyx-dot-app__onyx-foss__pr-craft-k8s-tests.yml,NO_EXFIL,N-AUTO,agreement,"[N-AUTO] src=- | path=- | sink=- | why=hai annotator dong thuan NO_EXFIL, khong thuoc dien ra soat | basis=agreement | rev=v1.0"
A0154,SauersML/gam,claude-merger.yml,S1_secret_and_sink,data/raw/SauersML__gam__claude-merger.yml,UNCLEAR,U2,arbiter:nhi,"[U2] src=CRATES_KEY@245, PYPI_API_TOKEN@246, CLAUDE_CODE_ALT_OAUTH_TOKEN@248, AGENT_PUSH_SSH_KEY@215 | path=secrets.CRATES_KEY@245 + secrets.PYPI_API_TOKEN@246 -> env CARGO_REGISTRY_TOKEN/PYPI_API_TOKEN cua step@244-246 -> anthropics/claude-code-action@v1@243 (lap lai @263-266) ; secrets.CLAUDE_CODE_ALT_OAUTH_TOKEN@248 -> with.claude_code_oauth_token@248 | sink=khong xac dinh duoc | why=noi dung claude-code-action khong co trong Dataset A va action nay chay LLM agent voi --dangerously-skip-permissions@254 cung WebFetch/WebSearch/Bash trong allowedTools@255, nen dich den do agent quyet dinh tai runtime khong phai tac gia workflow; AGENT_PUSH_SSH_KEY@215 -> file ~/.ssh/agent_push@223 -> git push qua SSH toi git@github.com:$GITHUB_REPOSITORY@228 la N4; GH_TOKEN@287 -> git push toi chinh repo@303 la N3 | basis=arbiter:nhi | rev=v1.0"
A0155,eslint/eslint,pr-labeler.yml,S4_neither,data/raw/eslint__eslint__pr-labeler.yml,NO_EXFIL,N-AUTO,agreement,"[N-AUTO] src=- | path=- | sink=- | why=hai annotator dong thuan NO_EXFIL, khong thuoc dien ra soat | basis=agreement | rev=v1.0"
A0156,elisir80/Decodium-4.0-Core-Shannon,release-macos-intel.yml,S3_sink_only,data/raw/elisir80__Decodium-4.0-Core-Shannon__release-macos-intel.yml,NO_EXFIL,N-AUTO,agreement,"[N-AUTO] src=- | path=- | sink=- | why=hai annotator dong thuan NO_EXFIL, khong thuoc dien ra soat | basis=agreement | rev=v1.0"
A0157,hybridgroup/yzma,wasm.yml,S3_sink_only,data/raw/hybridgroup__yzma__wasm.yml,NO_EXFIL,N-AUTO,agreement,"[N-AUTO] src=- | path=- | sink=- | why=hai annotator dong thuan NO_EXFIL, khong thuoc dien ra soat | basis=agreement | rev=v1.0"
A0158,galaxyproject/pulsar,pulsar.yaml,S3_sink_only,data/raw/galaxyproject__pulsar__pulsar.yaml,NO_EXFIL,N-AUTO,agreement,"[N-AUTO] src=- | path=- | sink=- | why=hai annotator dong thuan NO_EXFIL, khong thuoc dien ra soat | basis=agreement | rev=v1.0"
A0159,kagvi13/HMP,sync-to-huggingface.yml,S1_secret_and_sink,data/raw/kagvi13__HMP__sync-to-huggingface.yml,NO_EXFIL,N-AUTO,agreement,"[N-AUTO] src=- | path=- | sink=- | why=hai annotator dong thuan NO_EXFIL, khong thuoc dien ra soat | basis=agreement | rev=v1.0"
A0160,perfect-panel/ppanel-node,codeql-analysis.yml,S4_neither,data/raw/perfect-panel__ppanel-node__codeql-analysis.yml,NO_EXFIL,N-AUTO,agreement,"[N-AUTO] src=- | path=- | sink=- | why=hai annotator dong thuan NO_EXFIL, khong thuoc dien ra soat | basis=agreement | rev=v1.0"
A0161,flynndi/quarkus-jimmer-extension,pre-release.yml,S2_secret_only,data/raw/flynndi__quarkus-jimmer-extension__pre-release.yml,NO_EXFIL,N-AUTO,agreement,"[N-AUTO] src=- | path=- | sink=- | why=hai annotator dong thuan NO_EXFIL, khong thuoc dien ra soat | basis=agreement | rev=v1.0"
A0162,zakk4223/ArcadeROMsDB_MiSTer,build_arcade_roms_db.yml,S1_secret_and_sink,data/raw/zakk4223__ArcadeROMsDB_MiSTer__build_arcade_roms_db.yml,NO_EXFIL,N-AUTO,agreement,"[N-AUTO] src=- | path=- | sink=- | why=hai annotator dong thuan NO_EXFIL, khong thuoc dien ra soat | basis=agreement | rev=v1.0"
A0163,datadrivenconstruction/OpenConstructionERP,module-captures.yml,S3_sink_only,data/raw/datadrivenconstruction__OpenConstructionERP__module-captures.yml,NO_EXFIL,N-AUTO,agreement,"[N-AUTO] src=- | path=- | sink=- | why=hai annotator dong thuan NO_EXFIL, khong thuoc dien ra soat | basis=agreement | rev=v1.0"
A0164,zhayujie/CowAgent,release-win7.yml,S1_secret_and_sink,data/raw/zhayujie__CowAgent__release-win7.yml,NO_EXFIL,N-AUTO,agreement,"[N-AUTO] src=- | path=- | sink=- | why=hai annotator dong thuan NO_EXFIL, khong thuoc dien ra soat | basis=agreement | rev=v1.0"
A0165,dashpay/platform,kotlin-sdk-build.yml,S3_sink_only,data/raw/dashpay__platform__kotlin-sdk-build.yml,NO_EXFIL,N-AUTO,agreement,"[N-AUTO] src=- | path=- | sink=- | why=hai annotator dong thuan NO_EXFIL, khong thuoc dien ra soat | basis=agreement | rev=v1.0"
A0166,JetBrains/thinkrail,site.yml,S1_secret_and_sink,data/raw/JetBrains__thinkrail__site.yml,NO_EXFIL,N4,arbiter:nhi,"[N4] src=CLOUDFLARE_API_TOKEN@46, CLOUDFLARE_ACCOUNT_ID@47 | path=secrets.CLOUDFLARE_API_TOKEN@46 -> env CLOUDFLARE_API_TOKEN@46 -> bunx wrangler pages deploy@49 | sink=wrangler pages deploy@49 -> Cloudflare Pages, project thinkrail-website@50 (hardcode, cua chinh ho) | why=token xac thuc voi dung Cloudflare la chu so huu, ten project hardcode; curl@57 chi GET $PAGES_URL hardcode@30 de kiem tra deploy, khong mang secret; noi dung deploy la apps/website/dist da build tu repo | basis=arbiter:nhi | rev=v1.0"
A0167,hagezi/nrd,release-purge-cleanup.yml,S1_secret_and_sink,data/raw/hagezi__nrd__release-purge-cleanup.yml,NO_EXFIL,N-AUTO,agreement,"[N-AUTO] src=- | path=- | sink=- | why=hai annotator dong thuan NO_EXFIL, khong thuoc dien ra soat | basis=agreement | rev=v1.0"
A0168,rmagick/rmagick,ci.yml,S1_secret_and_sink,data/raw/rmagick__rmagick__ci.yml,NO_EXFIL,N3,arbiter:nhi,"[N3] src=GITHUB_TOKEN@148 | path=secrets.GITHUB_TOKEN@148 -> env GITHUB_TOKEN@148 -> gh release download@158 | sink=gh release download@158 -> github.com/ImageMagick/ImageMagick (repo cong khai, sink loai tru muc 2.2) | why=GITHUB_TOKEN chi dung de goi GitHub API tai installer cong khai, khong gui du lieu di; day la secret duy nhat trong file; Invoke-WebRequest@114 tai Ghostscript tu github releases khong mang secret; cac script ./before_install_linux.sh@63 va ./before_install_osx.sh@67 khong co secret trong env cua step do | basis=arbiter:nhi | rev=v1.0"
A0169,mcdonc/klangk,image-workspace-base.yml,S2_secret_only,data/raw/mcdonc__klangk__image-workspace-base.yml,NO_EXFIL,N-AUTO,agreement,"[N-AUTO] src=- | path=- | sink=- | why=hai annotator dong thuan NO_EXFIL, khong thuoc dien ra soat | basis=agreement | rev=v1.0"
A0170,openchamber/openchamber,issue-intake.yml,S1_secret_and_sink,data/raw/openchamber__openchamber__issue-intake.yml,UNCLEAR,U2,arbiter:nhi,"[U2] src=OPENCODE_API_KEY@75, OC_REVIEW_APP_PRIVATE_KEY@28, steps.app-token.outputs.token@76-77 | path=secrets.OPENCODE_API_KEY@75 + app token@76-77 -> env cua step Intake issue@74-82 -> opencode run --agent issue-intake@84 ; secrets.OC_REVIEW_APP_PRIVATE_KEY@28 -> with.private-key cua actions/create-github-app-token@25 -> outputs.token@76 | sink=khong xac dinh duoc | why=opencode la binary tai tu opencode.ai@42, chay LLM agent nen dich den do agent quyet dinh runtime; noi dung binary va cau hinh agent issue-intake khong co trong Dataset A | basis=arbiter:nhi | rev=v1.0"
A0171,vlm-run/vlmrun-python-sdk,python-publish.yml,S2_secret_only,data/raw/vlm-run__vlmrun-python-sdk__python-publish.yml,NO_EXFIL,N-AUTO,agreement,"[N-AUTO] src=- | path=- | sink=- | why=hai annotator dong thuan NO_EXFIL, khong thuoc dien ra soat | basis=agreement | rev=v1.0"
A0172,rknightion/meraki-dashboard-exporter,release-please.yml,S2_secret_only,data/raw/rknightion__meraki-dashboard-exporter__release-please.yml,NO_EXFIL,N-AUTO,agreement,"[N-AUTO] src=- | path=- | sink=- | why=hai annotator dong thuan NO_EXFIL, khong thuoc dien ra soat | basis=agreement | rev=v1.0"
A0173,vshulcz/deja-vu,mcp-registry.yml,S1_secret_and_sink,data/raw/vshulcz__deja-vu__mcp-registry.yml,NO_EXFIL,N-AUTO,agreement,"[N-AUTO] src=- | path=- | sink=- | why=hai annotator dong thuan NO_EXFIL, khong thuoc dien ra soat | basis=agreement | rev=v1.0"
A0174,eclipse-ee4j/openmq,tck.yml,S3_sink_only,data/raw/eclipse-ee4j__openmq__tck.yml,NO_EXFIL,N-AUTO,agreement,"[N-AUTO] src=- | path=- | sink=- | why=hai annotator dong thuan NO_EXFIL, khong thuoc dien ra soat | basis=agreement | rev=v1.0"
A0175,bitplane/rars,release.yml,S1_secret_and_sink,data/raw/bitplane__rars__release.yml,UNCLEAR,U2,arbiter:nhi,"[U2] src=OPENCODE_API_KEY@75, OC_REVIEW_APP_PRIVATE_KEY@28, steps.app-token.outputs.token@76-77 | path=secrets.OPENCODE_API_KEY@75 + app token@76-77 -> env cua step Intake issue@74-82 -> opencode run --agent issue-intake@84 ; secrets.OC_REVIEW_APP_PRIVATE_KEY@28 -> with.private-key cua actions/create-github-app-token@25 -> outputs.token@76 | sink=khong xac dinh duoc | why=opencode la binary tai tu opencode.ai@42, chay LLM agent nen dich den do agent quyet dinh runtime; noi dung binary va cau hinh agent issue-intake khong co trong Dataset A | basis=arbiter:nhi | rev=v1.0"
A0176,silent-suite/silentsuite,deploy-web.yml,S1_secret_and_sink,data/raw/silent-suite__silentsuite__deploy-web.yml,NO_EXFIL,N-AUTO,agreement,"[N-AUTO] src=- | path=- | sink=- | why=hai annotator dong thuan NO_EXFIL, khong thuoc dien ra soat | basis=agreement | rev=v1.0"
A0177,rogerlew/wepppy,ci-samurai-nightly-ssh.yml,S3_sink_only,data/raw/rogerlew__wepppy__ci-samurai-nightly-ssh.yml,NO_EXFIL,N-AUTO,agreement,"[N-AUTO] src=- | path=- | sink=- | why=hai annotator dong thuan NO_EXFIL, khong thuoc dien ra soat | basis=agreement | rev=v1.0"
A0178,ArduPilot/MethodicConfigurator,docker-ci.yml,S4_neither,data/raw/ArduPilot__MethodicConfigurator__docker-ci.yml,NO_EXFIL,N-AUTO,agreement,"[N-AUTO] src=- | path=- | sink=- | why=hai annotator dong thuan NO_EXFIL, khong thuoc dien ra soat | basis=agreement | rev=v1.0"
A0179,BasedHardware/omi,desktop_publish_preview.yml,S1_secret_and_sink,data/raw/BasedHardware__omi__desktop_publish_preview.yml,NO_EXFIL,N-AUTO,agreement,"[N-AUTO] src=- | path=- | sink=- | why=hai annotator dong thuan NO_EXFIL, khong thuoc dien ra soat | basis=agreement | rev=v1.0"
A0180,kci-lnk/fn-knock-turborepo,release.yml,S1_secret_and_sink,data/raw/kci-lnk__fn-knock-turborepo__release.yml,NO_EXFIL,N-AUTO,agreement,"[N-AUTO] src=- | path=- | sink=- | why=hai annotator dong thuan NO_EXFIL, khong thuoc dien ra soat | basis=agreement | rev=v1.0"
A0181,nextcloud/collectives,pr-feedback.yml,S3_sink_only,data/raw/nextcloud__collectives__pr-feedback.yml,NO_EXFIL,N-AUTO,agreement,"[N-AUTO] src=- | path=- | sink=- | why=hai annotator dong thuan NO_EXFIL, khong thuoc dien ra soat | basis=agreement | rev=v1.0"
A0182,fabriziosalmi/wildbox,integration-tests.yml,S1_secret_and_sink,data/raw/fabriziosalmi__wildbox__integration-tests.yml,NO_EXFIL,N-AUTO,agreement,"[N-AUTO] src=- | path=- | sink=- | why=hai annotator dong thuan NO_EXFIL, khong thuoc dien ra soat | basis=agreement | rev=v1.0"
A0183,JACOBSMILE/tmodloader1.4,repo-update.yml,S1_secret_and_sink,data/raw/JACOBSMILE__tmodloader1.4__repo-update.yml,NO_EXFIL,N-AUTO,agreement,"[N-AUTO] src=- | path=- | sink=- | why=hai annotator dong thuan NO_EXFIL, khong thuoc dien ra soat | basis=agreement | rev=v1.0"
A0184,msm9527/msm-wiki,daily-build-msm-beta.yml,S1_secret_and_sink,data/raw/msm9527__msm-wiki__daily-build-msm-beta.yml,NO_EXFIL,N-AUTO,agreement,"[N-AUTO] src=- | path=- | sink=- | why=hai annotator dong thuan NO_EXFIL, khong thuoc dien ra soat | basis=agreement | rev=v1.0"
A0185,kantord/blogtato,release-plz.yml,S2_secret_only,data/raw/kantord__blogtato__release-plz.yml,NO_EXFIL,N-AUTO,agreement,"[N-AUTO] src=- | path=- | sink=- | why=hai annotator dong thuan NO_EXFIL, khong thuoc dien ra soat | basis=agreement | rev=v1.0"
A0186,yanet-platform/yanet2,glm-review.yml,S1_secret_and_sink,data/raw/yanet-platform__yanet2__glm-review.yml,NO_EXFIL,N4,arbiter:nhi,"[N4] src=GLM_API_KEY@32, GITHUB_TOKEN@31 | path=secrets.GLM_API_KEY@32 -> env@32 -> header Authorization Bearer@136 -> curl@135 ; secrets.GITHUB_TOKEN@31 -> env@31 -> header Authorization Bearer@174,181,187 -> curl@173,180,186 | sink=curl@135 -> $GLM_API_URL@33 (vars.GLM_API_URL hoac mac dinh hardcode https://api.z.ai/api/coding/paas/v4/chat/completions) ; curl@173,180,186 -> $GITHUB_API_URL/repos/$REPO cua chinh repo | why=GLM_API_KEY xac thuc voi dung nha cung cap API so huu no, endpoint co gia tri mac dinh hardcode doc duoc va vars khong phai secret; GITHUB_TOKEN chi thao tac comment tren chinh repo; payload@124 va @171 chi chua diff va noi dung review khong chua secret | basis=arbiter:nhi | rev=v1.0"
A0187,samvallad33/vestige,release.yml,S1_secret_and_sink,data/raw/samvallad33__vestige__release.yml,NO_EXFIL,N-AUTO,agreement,"[N-AUTO] src=- | path=- | sink=- | why=hai annotator dong thuan NO_EXFIL, khong thuoc dien ra soat | basis=agreement | rev=v1.0"
A0188,opendatahub-io/notebooks,code-quality.yaml,S1_secret_and_sink,data/raw/opendatahub-io__notebooks__code-quality.yaml,NO_EXFIL,N-AUTO,agreement,"[N-AUTO] src=- | path=- | sink=- | why=hai annotator dong thuan NO_EXFIL, khong thuoc dien ra soat | basis=agreement | rev=v1.0"
A0189,Containerpak/cpak,continuous.yml,S2_secret_only,data/raw/Containerpak__cpak__continuous.yml,NO_EXFIL,N-AUTO,agreement,"[N-AUTO] src=- | path=- | sink=- | why=hai annotator dong thuan NO_EXFIL, khong thuoc dien ra soat | basis=agreement | rev=v1.0"
A0190,WinApps-share/WinApps-bucket,pull_request.yml,S2_secret_only,data/raw/WinApps-share__WinApps-bucket__pull_request.yml,NO_EXFIL,N-AUTO,agreement,"[N-AUTO] src=- | path=- | sink=- | why=hai annotator dong thuan NO_EXFIL, khong thuoc dien ra soat | basis=agreement | rev=v1.0"
A0191,lobu-ai/lobu,ci.yml,S1_secret_and_sink,data/raw/lobu-ai__lobu__ci.yml,NO_EXFIL,N-AUTO,agreement,"[N-AUTO] src=- | path=- | sink=- | why=hai annotator dong thuan NO_EXFIL, khong thuoc dien ra soat | basis=agreement | rev=v1.0"
A0192,Generous-Corp/pulp,control-shipping-native.yml,S1_secret_and_sink,data/raw/Generous-Corp__pulp__control-shipping-native.yml,NO_EXFIL,N-AUTO,agreement,"[N-AUTO] src=- | path=- | sink=- | why=hai annotator dong thuan NO_EXFIL, khong thuoc dien ra soat | basis=agreement | rev=v1.0"
A0193,ankraio/ankra-cli,release.yml,S1_secret_and_sink,data/raw/ankraio__ankra-cli__release.yml,NO_EXFIL,N-AUTO,agreement,"[N-AUTO] src=- | path=- | sink=- | why=hai annotator dong thuan NO_EXFIL, khong thuoc dien ra soat | basis=agreement | rev=v1.0"
A0194,funkycochise/Insert-Coin,build_db.yml,S1_secret_and_sink,data/raw/funkycochise__Insert-Coin__build_db.yml,UNCLEAR,U1,arbiter:nhi,"[U1] src=GITHUB_TOKEN@24 | path=secrets.GITHUB_TOKEN@24 -> env GITHUB_TOKEN@24 -> python3 doc tu curl@22 (build_db.py tai tu raw.githubusercontent.com/theypsilon/Downloader_DB-Template_MiSTer/main/.github/build_db.py) | sink=khong xac dinh duoc | why=script build_db.py khong nam trong repo nay va khong co trong Dataset A, duoc tai ve va chay thang qua pipe khong pin commit | basis=arbiter:nhi | rev=v1.0"
A0195,couchbase/couchbase-jvm-clients,smoke-test.yml,S3_sink_only,data/raw/couchbase__couchbase-jvm-clients__smoke-test.yml,NO_EXFIL,N-AUTO,agreement,"[N-AUTO] src=- | path=- | sink=- | why=hai annotator dong thuan NO_EXFIL, khong thuoc dien ra soat | basis=agreement | rev=v1.0"
A0196,wso2/mi-vscode,publish-vsix.yml,S1_secret_and_sink,data/raw/wso2__mi-vscode__publish-vsix.yml,NO_EXFIL,N-AUTO,agreement,"[N-AUTO] src=- | path=- | sink=- | why=hai annotator dong thuan NO_EXFIL, khong thuoc dien ra soat | basis=agreement | rev=v1.0"
A0197,asilbek2706/asilbek2706,snake.yml,S2_secret_only,data/raw/asilbek2706__asilbek2706__snake.yml,NO_EXFIL,N-AUTO,agreement,"[N-AUTO] src=- | path=- | sink=- | why=hai annotator dong thuan NO_EXFIL, khong thuoc dien ra soat | basis=agreement | rev=v1.0"
A0198,pingmike2/freebuff2api-wokers,docker-publish.yml,S2_secret_only,data/raw/pingmike2__freebuff2api-wokers__docker-publish.yml,NO_EXFIL,N-AUTO,agreement,"[N-AUTO] src=- | path=- | sink=- | why=hai annotator dong thuan NO_EXFIL, khong thuoc dien ra soat | basis=agreement | rev=v1.0"
A0199,triqbit/mt5-ai-xauusd-trader,migration-safety.yml,S3_sink_only,data/raw/triqbit__mt5-ai-xauusd-trader__migration-safety.yml,NO_EXFIL,N-AUTO,agreement,"[N-AUTO] src=- | path=- | sink=- | why=hai annotator dong thuan NO_EXFIL, khong thuoc dien ra soat | basis=agreement | rev=v1.0"
A0200,cvquesty/openvox-gui,ci.yml,S4_neither,data/raw/cvquesty__openvox-gui__ci.yml,NO_EXFIL,N-AUTO,agreement,"[N-AUTO] src=- | path=- | sink=- | why=hai annotator dong thuan NO_EXFIL, khong thuoc dien ra soat | basis=agreement | rev=v1.0"
A0201,konflux-ci/konflux-ci,operator-test-e2e.yaml,S1_secret_and_sink,data/raw/konflux-ci__konflux-ci__operator-test-e2e.yaml,NO_EXFIL,N-AUTO,agreement,"[N-AUTO] src=- | path=- | sink=- | why=hai annotator dong thuan NO_EXFIL, khong thuoc dien ra soat | basis=agreement | rev=v1.0"
A0202,MinBZK/regelrecht,claude.yml,S2_secret_only,data/raw/MinBZK__regelrecht__claude.yml,NO_EXFIL,N-AUTO,agreement,"[N-AUTO] src=- | path=- | sink=- | why=hai annotator dong thuan NO_EXFIL, khong thuoc dien ra soat | basis=agreement | rev=v1.0"
A0203,ever-works/ever-works,external-uptime-monitor.yml,S1_secret_and_sink,data/raw/ever-works__ever-works__external-uptime-monitor.yml,NO_EXFIL,N3,arbiter:nhi,"[N3] src=GITHUB_TOKEN@392, GITHUB_TOKEN@519 | path=secrets.GITHUB_TOKEN@392 -> env GH_TOKEN@392 -> gh issue create/comment/edit/list@452,513,464,420 ; secrets.GITHUB_TOKEN@519 -> gh issue comment/close@546,547 | sink=api.github.com, GH_REPO=$GITHUB_REPOSITORY@393,520 (sink loai tru muc 2.2) | why=token chi thao tac issue tren chinh repo; moi curl@102,104,186 chi GET endpoint hardcode (checkip.amazonaws.com, api.ipify.org, cac URL trong TARGETS@136-146) va khong mang secret; noi dung report@303-337 chi gom HTTP code, thoi gian, egress IP, khong chua secret | basis=arbiter:nhi | rev=v1.0"
A0204,isac322/homelab,release-charts.yaml,S1_secret_and_sink,data/raw/isac322__homelab__release-charts.yaml,NO_EXFIL,N-AUTO,agreement,"[N-AUTO] src=- | path=- | sink=- | why=hai annotator dong thuan NO_EXFIL, khong thuoc dien ra soat | basis=agreement | rev=v1.0"
A0205,antifailure/antifailure,deploy.yml,S1_secret_and_sink,data/raw/antifailure__antifailure__deploy.yml,NO_EXFIL,N-AUTO,agreement,"[N-AUTO] src=- | path=- | sink=- | why=hai annotator dong thuan NO_EXFIL, khong thuoc dien ra soat | basis=agreement | rev=v1.0"
A0206,stamparm/maltrail,compat.yml,S4_neither,data/raw/stamparm__maltrail__compat.yml,NO_EXFIL,N-AUTO,agreement,"[N-AUTO] src=- | path=- | sink=- | why=hai annotator dong thuan NO_EXFIL, khong thuoc dien ra soat | basis=agreement | rev=v1.0"
A0207,benjamin-awd/monopoly,performance-history.yaml,S1_secret_and_sink,data/raw/benjamin-awd__monopoly__performance-history.yaml,NO_EXFIL,N-AUTO,agreement,"[N-AUTO] src=- | path=- | sink=- | why=hai annotator dong thuan NO_EXFIL, khong thuoc dien ra soat | basis=agreement | rev=v1.0"
A0208,databendlabs/databend-jdbc,test_compatibility.yml,S3_sink_only,data/raw/databendlabs__databend-jdbc__test_compatibility.yml,NO_EXFIL,N-AUTO,agreement,"[N-AUTO] src=- | path=- | sink=- | why=hai annotator dong thuan NO_EXFIL, khong thuoc dien ra soat | basis=agreement | rev=v1.0"
A0209,mohammmdmdmkdmewof/v2rayConfigsForYou,update_configs.yaml,S1_secret_and_sink,data/raw/mohammmdmdmkdmewof__v2rayConfigsForYou__update_configs.yaml,NO_EXFIL,N-AUTO,agreement,"[N-AUTO] src=- | path=- | sink=- | why=hai annotator dong thuan NO_EXFIL, khong thuoc dien ra soat | basis=agreement | rev=v1.0"
A0210,Cloudgeni-ai/opengeni,source-admission.yml,S1_secret_and_sink,data/raw/Cloudgeni-ai__opengeni__source-admission.yml,NO_EXFIL,N-AUTO,agreement,"[N-AUTO] src=- | path=- | sink=- | why=hai annotator dong thuan NO_EXFIL, khong thuoc dien ra soat | basis=agreement | rev=v1.0"
A0211,yutto-dev/yutto,e2e-test.yml,S2_secret_only,data/raw/yutto-dev__yutto__e2e-test.yml,NO_EXFIL,N-AUTO,agreement,"[N-AUTO] src=- | path=- | sink=- | why=hai annotator dong thuan NO_EXFIL, khong thuoc dien ra soat | basis=agreement | rev=v1.0"
A0212,boshu2/agentops,validate.yml,S1_secret_and_sink,data/raw/boshu2__agentops__validate.yml,NO_EXFIL,N-AUTO,agreement,"[N-AUTO] src=- | path=- | sink=- | why=hai annotator dong thuan NO_EXFIL, khong thuoc dien ra soat | basis=agreement | rev=v1.0"
A0213,FraunhoferIWES/foxes,deploy-docs.yml,S4_neither,data/raw/FraunhoferIWES__foxes__deploy-docs.yml,NO_EXFIL,N-AUTO,agreement,"[N-AUTO] src=- | path=- | sink=- | why=hai annotator dong thuan NO_EXFIL, khong thuoc dien ra soat | basis=agreement | rev=v1.0"
A0214,stephrobert/feint,corpus-cloud.yml,S1_secret_and_sink,data/raw/stephrobert__feint__corpus-cloud.yml,NO_EXFIL,N-AUTO,agreement,"[N-AUTO] src=- | path=- | sink=- | why=hai annotator dong thuan NO_EXFIL, khong thuoc dien ra soat | basis=agreement | rev=v1.0"
A0215,HugoFara/pylinkage,codeql-analysis.yml,S4_neither,data/raw/HugoFara__pylinkage__codeql-analysis.yml,NO_EXFIL,N-AUTO,agreement,"[N-AUTO] src=- | path=- | sink=- | why=hai annotator dong thuan NO_EXFIL, khong thuoc dien ra soat | basis=agreement | rev=v1.0"
A0216,couchbase/couchbase-jvm-clients,integration-test.yml,S1_secret_and_sink,data/raw/couchbase__couchbase-jvm-clients__integration-test.yml,NO_EXFIL,N-AUTO,agreement,"[N-AUTO] src=- | path=- | sink=- | why=hai annotator dong thuan NO_EXFIL, khong thuoc dien ra soat | basis=agreement | rev=v1.0"
A0217,burin-labs/harn,publish-release.yml,S2_secret_only,data/raw/burin-labs__harn__publish-release.yml,NO_EXFIL,N-AUTO,agreement,"[N-AUTO] src=- | path=- | sink=- | why=hai annotator dong thuan NO_EXFIL, khong thuoc dien ra soat | basis=agreement | rev=v1.0"
A0218,zzstoatzz/plyr.fm,integration-tests.yml,S1_secret_and_sink,data/raw/zzstoatzz__plyr.fm__integration-tests.yml,NO_EXFIL,N4,arbiter:nhi,"[N4] src=APP_PASSWORD_MINT_SECRET@83, PLYR_TEST_APP_PASSWORD_1@84, PLYR_TEST_APP_PASSWORD_2@85, PLYR_TEST_APP_PASSWORD_3@86 | path=secrets.APP_PASSWORD_MINT_SECRET@83 -> env MINT_SECRET@83 -> header x-admin-token@93 -> curl@91 ; token tra ve -> $GITHUB_ENV@97 -> header Authorization Bearer@124 -> curl@123 | sink=curl@91 va curl@123 -> $API@82,118 = https://api-stg.plyr.fm (hardcode, dich vu cua chinh repo zzstoatzz/plyr.fm) | why=cac secret chi xac thuc voi dung API staging cua chinh to chuc so huu repo, endpoint hardcode doc duoc; token dan xuat di qua GITHUB_ENV@97 nhung van chi quay lai cung API do de thu hoi@123 | basis=arbiter:nhi | rev=v1.0"
A0219,sipyourdrink-ltd/bernstein,bernstein-pr-review.yml,S1_secret_and_sink,data/raw/sipyourdrink-ltd__bernstein__bernstein-pr-review.yml,NO_EXFIL,N3,arbiter:nhi,"[N3] src=GITHUB_TOKEN@392, GITHUB_TOKEN@519 | path=secrets.GITHUB_TOKEN@392 -> env GH_TOKEN@392 -> gh issue create/comment/edit/list@452,513,464,420 ; secrets.GITHUB_TOKEN@519 -> gh issue comment/close@546,547 | sink=api.github.com, GH_REPO=$GITHUB_REPOSITORY@393,520 (sink loai tru muc 2.2) | why=token chi thao tac issue tren chinh repo; moi curl@102,104,186 chi GET endpoint hardcode (checkip.amazonaws.com, api.ipify.org, cac URL trong TARGETS@136-146) va khong mang secret; noi dung report@303-337 chi gom HTTP code, thoi gian, egress IP, khong chua secret | basis=arbiter:nhi | rev=v1.0"
A0220,awesome-dsh-plugin/awesome-dsh-plugin,sync-readme.yml,S4_neither,data/raw/awesome-dsh-plugin__awesome-dsh-plugin__sync-readme.yml,NO_EXFIL,N-AUTO,agreement,"[N-AUTO] src=- | path=- | sink=- | why=hai annotator dong thuan NO_EXFIL, khong thuoc dien ra soat | basis=agreement | rev=v1.0"
A0221,timmo001/system-bridge,build-and-package-application.yml,S2_secret_only,data/raw/timmo001__system-bridge__build-and-package-application.yml,NO_EXFIL,N-AUTO,agreement,"[N-AUTO] src=- | path=- | sink=- | why=hai annotator dong thuan NO_EXFIL, khong thuoc dien ra soat | basis=agreement | rev=v1.0"
A0222,anthony-chaudhary/fak,ci.yml,S1_secret_and_sink,data/raw/anthony-chaudhary__fak__ci.yml,NO_EXFIL,N-AUTO,agreement,"[N-AUTO] src=- | path=- | sink=- | why=hai annotator dong thuan NO_EXFIL, khong thuoc dien ra soat | basis=agreement | rev=v1.0"
A0223,ViBiOh/fibr,release.yaml,S1_secret_and_sink,data/raw/ViBiOh__fibr__release.yaml,NO_EXFIL,N-AUTO,agreement,"[N-AUTO] src=- | path=- | sink=- | why=hai annotator dong thuan NO_EXFIL, khong thuoc dien ra soat | basis=agreement | rev=v1.0"
A0224,rwestergren/cronometer-api-mcp,publish.yml,S3_sink_only,data/raw/rwestergren__cronometer-api-mcp__publish.yml,NO_EXFIL,N-AUTO,agreement,"[N-AUTO] src=- | path=- | sink=- | why=hai annotator dong thuan NO_EXFIL, khong thuoc dien ra soat | basis=agreement | rev=v1.0"
A0225,pineforge-4pass/pineforge-engine,docs.yml,S1_secret_and_sink,data/raw/pineforge-4pass__pineforge-engine__docs.yml,NO_EXFIL,N4,arbiter:nhi,"[N4] src=CLOUDFLARE_API_TOKEN@71, CLOUDFLARE_ACCOUNT_ID@72 | path=secrets.CLOUDFLARE_API_TOKEN@71 -> with.apiToken cua cloudflare/wrangler-action@v3@69 -> lenh pages deploy@73-77 | sink=Cloudflare Pages, project $CF_PROJECT@75 (sink loai tru muc 2.2, xac thuc dung chu so huu) | why=token xac thuc voi dung Cloudflare la chu so huu; action la cua chinh Cloudflare va lenh chay duoc khai bao tuong minh trong with.command@73-77 nen doc duoc dich den; curl@44 tai doxygen tu github releases khong mang secret; docs/build.sh@51 khong co secret trong env cua step do | basis=arbiter:nhi | rev=v1.0"
A0226,equinor/neqsim,paperlab_replication_gate.yml,S4_neither,data/raw/equinor__neqsim__paperlab_replication_gate.yml,NO_EXFIL,N-AUTO,agreement,"[N-AUTO] src=- | path=- | sink=- | why=hai annotator dong thuan NO_EXFIL, khong thuoc dien ra soat | basis=agreement | rev=v1.0"
A0227,reloop-labs/reloop,be-contacts.yml,S1_secret_and_sink,data/raw/reloop-labs__reloop__be-contacts.yml,NO_EXFIL,N4,arbiter:nhi,"[N4] src=COOLIFY_TOKEN@71, DOCKERHUB_TOKEN@41, DOCKERHUB_USERNAME@20 | path=secrets.COOLIFY_TOKEN@71 -> header Authorization Bearer@71 -> curl@70 ; secrets.DOCKERHUB_TOKEN@41 -> with.password cua docker/login-action@37 | sink=curl@70 -> https://coolify.reloop.sh/api/v1/deploy (hardcode, self-hosted cua reloop-labs) ; docker/login-action@37 -> docker.io (sink loai tru muc 2.2) | why=COOLIFY_TOKEN xac thuc voi dung Coolify tu host cua to chuc so huu repo, endpoint hardcode doc duoc; DOCKERHUB_TOKEN vao docker/login-action la sink loai tru; DOCKERHUB_USERNAME@20 chi dung dat ten image | basis=arbiter:nhi | rev=v1.0"
A0228,NeoZi12/dispatchseo,jobs.yml,S1_secret_and_sink,data/raw/NeoZi12__dispatchseo__jobs.yml,NO_EXFIL,N4,arbiter:nhi,"[N4] src=CRON_SECRET@39 | path=secrets.CRON_SECRET@39 -> env CRON_SECRET@39 -> header Authorization Bearer@42 -> curl@41 | sink=curl@41 -> ${{ vars.BACKEND_URL || 'https://dispatchseo.com' }}/api/cron/jobs@43 (mac dinh hardcode, dich vu cua chinh repo NeoZi12/dispatchseo) | why=CRON_SECRET xac thuc voi dung backend cua chinh to chuc so huu repo; endpoint co gia tri mac dinh hardcode doc duoc va vars.BACKEND_URL khong phai secret; khong co payload nao mang gia tri secret | basis=arbiter:nhi | rev=v1.0"
A0229,marcusquinn/aidevops,complexity-bump-justification-check.yml,S2_secret_only,data/raw/marcusquinn__aidevops__complexity-bump-justification-check.yml,NO_EXFIL,N-AUTO,agreement,"[N-AUTO] src=- | path=- | sink=- | why=hai annotator dong thuan NO_EXFIL, khong thuoc dien ra soat | basis=agreement | rev=v1.0"
A0230,cijerezg/lerobot,latest_deps_tests.yml,S1_secret_and_sink,data/raw/cijerezg__lerobot__latest_deps_tests.yml,UNCLEAR,U2,arbiter:nhi,"[U2] src=SLACK_CIFEEDBACK_BOT_TOKEN@236, CI_SLACK_CHANNEL@228 | path=secrets.SLACK_CIFEEDBACK_BOT_TOKEN@236 -> with.slack_token cua huggingface/hf-workflows/.github/actions/post-slack@a88e7fa...@231 | sink=khong xac dinh duoc | why=noi dung composite action post-slack o repo khac khong co trong Dataset A; cac duong khac deu dong: DOCKERHUB creds@173-174,201-202,299-300 -> docker/login-action (N3) va -d body cua curl@309 toi hub.docker.com/v2/users/login/@310 hardcode la N4, LEROBOT_HF_USER@94,196 -> hf auth login@130,211 toi HuggingFace chu so huu (N4), UPDATE_LOCK_TOKEN@248 -> git remote URL@266 va gh pr create@276 tren chinh repo (N3/N4) | basis=arbiter:nhi | rev=v1.0"
A0231,aqm857886159/Nomi,quality-gate.yml,S2_secret_only,data/raw/aqm857886159__Nomi__quality-gate.yml,NO_EXFIL,N-AUTO,agreement,"[N-AUTO] src=- | path=- | sink=- | why=hai annotator dong thuan NO_EXFIL, khong thuoc dien ra soat | basis=agreement | rev=v1.0"
A0232,Shebyyy/AnymeX-Preview,Notify.yml,S1_secret_and_sink,data/raw/Shebyyy__AnymeX-Preview__Notify.yml,NO_EXFIL,N-AUTO,agreement,"[N-AUTO] src=- | path=- | sink=- | why=hai annotator dong thuan NO_EXFIL, khong thuoc dien ra soat | basis=agreement | rev=v1.0"
A0233,XTLS/libXray,validate.yml,S4_neither,data/raw/XTLS__libXray__validate.yml,NO_EXFIL,N-AUTO,agreement,"[N-AUTO] src=- | path=- | sink=- | why=hai annotator dong thuan NO_EXFIL, khong thuoc dien ra soat | basis=agreement | rev=v1.0"
A0234,maplibre/maplibre-native-slint,build_windows.yml,S2_secret_only,data/raw/maplibre__maplibre-native-slint__build_windows.yml,NO_EXFIL,N-AUTO,agreement,"[N-AUTO] src=- | path=- | sink=- | why=hai annotator dong thuan NO_EXFIL, khong thuoc dien ra soat | basis=agreement | rev=v1.0"
A0235,Lynricsy/OneSSH,ci.yml,S1_secret_and_sink,data/raw/Lynricsy__OneSSH__ci.yml,NO_EXFIL,N-AUTO,agreement,"[N-AUTO] src=- | path=- | sink=- | why=hai annotator dong thuan NO_EXFIL, khong thuoc dien ra soat | basis=agreement | rev=v1.0"
A0236,3IVIS/buildaharness,deploy.yml,S2_secret_only,data/raw/3IVIS__buildaharness__deploy.yml,NO_EXFIL,N-AUTO,agreement,"[N-AUTO] src=- | path=- | sink=- | why=hai annotator dong thuan NO_EXFIL, khong thuoc dien ra soat | basis=agreement | rev=v1.0"
A0237,GTNewHorizons/Hodgepodge,latest-daily-integration-test.yml,S2_secret_only,data/raw/GTNewHorizons__Hodgepodge__latest-daily-integration-test.yml,NO_EXFIL,N-AUTO,agreement,"[N-AUTO] src=- | path=- | sink=- | why=hai annotator dong thuan NO_EXFIL, khong thuoc dien ra soat | basis=agreement | rev=v1.0"
A0238,Chlna6666/Better-Minecraft-Bedrock-Launcher,release-changelog.yml,S4_neither,data/raw/Chlna6666__Better-Minecraft-Bedrock-Launcher__release-changelog.yml,NO_EXFIL,N-AUTO,agreement,"[N-AUTO] src=- | path=- | sink=- | why=hai annotator dong thuan NO_EXFIL, khong thuoc dien ra soat | basis=agreement | rev=v1.0"
A0239,projectbluefin/finpilot,label-enforcement.yml,S2_secret_only,data/raw/projectbluefin__finpilot__label-enforcement.yml,NO_EXFIL,N-AUTO,agreement,"[N-AUTO] src=- | path=- | sink=- | why=hai annotator dong thuan NO_EXFIL, khong thuoc dien ra soat | basis=agreement | rev=v1.0"
A0240,abeggled/openbridgeserver,validate-release-tag.yml,S1_secret_and_sink,data/raw/abeggled__openbridgeserver__validate-release-tag.yml,NO_EXFIL,N-AUTO,agreement,"[N-AUTO] src=- | path=- | sink=- | why=hai annotator dong thuan NO_EXFIL, khong thuoc dien ra soat | basis=agreement | rev=v1.0"
A0241,marcimastro98/Xenon,pages.yml,S1_secret_and_sink,data/raw/marcimastro98__Xenon__pages.yml,NO_EXFIL,N-AUTO,agreement,"[N-AUTO] src=- | path=- | sink=- | why=hai annotator dong thuan NO_EXFIL, khong thuoc dien ra soat | basis=agreement | rev=v1.0"
A0242,Vanic24/VPN,AutoUpdater_Filter.yaml,S2_secret_only,data/raw/Vanic24__VPN__AutoUpdater_Filter.yaml,NO_EXFIL,N-AUTO,agreement,"[N-AUTO] src=- | path=- | sink=- | why=hai annotator dong thuan NO_EXFIL, khong thuoc dien ra soat | basis=agreement | rev=v1.0"
A0243,python/cpython,reusable-install.yml,S4_neither,data/raw/python__cpython__reusable-install.yml,NO_EXFIL,N-AUTO,agreement,"[N-AUTO] src=- | path=- | sink=- | why=hai annotator dong thuan NO_EXFIL, khong thuoc dien ra soat | basis=agreement | rev=v1.0"
A0244,debpalash/VoiceStudio,release.yml,S1_secret_and_sink,data/raw/debpalash__VoiceStudio__release.yml,NO_EXFIL,N-AUTO,agreement,"[N-AUTO] src=- | path=- | sink=- | why=hai annotator dong thuan NO_EXFIL, khong thuoc dien ra soat | basis=agreement | rev=v1.0"
A0245,nexi-lab/nexus,cc-tasks-peer-shared-e2e.yml,S1_secret_and_sink,data/raw/nexi-lab__nexus__cc-tasks-peer-shared-e2e.yml,NO_EXFIL,N-AUTO,agreement,"[N-AUTO] src=- | path=- | sink=- | why=hai annotator dong thuan NO_EXFIL, khong thuoc dien ra soat | basis=agreement | rev=v1.0"
A0246,antonengelhardt/wasm-oidc-plugin,release.yml,S2_secret_only,data/raw/antonengelhardt__wasm-oidc-plugin__release.yml,NO_EXFIL,N-AUTO,agreement,"[N-AUTO] src=- | path=- | sink=- | why=hai annotator dong thuan NO_EXFIL, khong thuoc dien ra soat | basis=agreement | rev=v1.0"
A0247,opencast/opencast,release-cut-tag.yml,S4_neither,data/raw/opencast__opencast__release-cut-tag.yml,NO_EXFIL,N-AUTO,agreement,"[N-AUTO] src=- | path=- | sink=- | why=hai annotator dong thuan NO_EXFIL, khong thuoc dien ra soat | basis=agreement | rev=v1.0"
A0248,shakaran/whatly,release.yml,S2_secret_only,data/raw/shakaran__whatly__release.yml,NO_EXFIL,N-AUTO,agreement,"[N-AUTO] src=- | path=- | sink=- | why=hai annotator dong thuan NO_EXFIL, khong thuoc dien ra soat | basis=agreement | rev=v1.0"
A0249,vamseeachanta/workspace-hub,legal-rule-authority-gate.yml,S2_secret_only,data/raw/vamseeachanta__workspace-hub__legal-rule-authority-gate.yml,NO_EXFIL,N-AUTO,agreement,"[N-AUTO] src=- | path=- | sink=- | why=hai annotator dong thuan NO_EXFIL, khong thuoc dien ra soat | basis=agreement | rev=v1.0"
A0250,lza6/Aggregate-to-2api,ci.yml,S3_sink_only,data/raw/lza6__Aggregate-to-2api__ci.yml,NO_EXFIL,N-AUTO,agreement,"[N-AUTO] src=- | path=- | sink=- | why=hai annotator dong thuan NO_EXFIL, khong thuoc dien ra soat | basis=agreement | rev=v1.0"
A0251,openclaw/openclaw,clawsweeper-dispatch.yml,S1_secret_and_sink,data/raw/openclaw__openclaw__clawsweeper-dispatch.yml,NO_EXFIL,N-AUTO,agreement,"[N-AUTO] src=- | path=- | sink=- | why=hai annotator dong thuan NO_EXFIL, khong thuoc dien ra soat | basis=agreement | rev=v1.0"
A0252,Significant-Gravitas/AutoGPT,docs-claude-review.yml,S1_secret_and_sink,data/raw/Significant-Gravitas__AutoGPT__docs-claude-review.yml,NO_EXFIL,N-AUTO,agreement,"[N-AUTO] src=- | path=- | sink=- | why=hai annotator dong thuan NO_EXFIL, khong thuoc dien ra soat | basis=agreement | rev=v1.0"
A0253,tamatebako/tebako,ci.yml,S1_secret_and_sink,data/raw/tamatebako__tebako__ci.yml,NO_EXFIL,N-AUTO,agreement,"[N-AUTO] src=- | path=- | sink=- | why=hai annotator dong thuan NO_EXFIL, khong thuoc dien ra soat | basis=agreement | rev=v1.0"
A0254,marmot-protocol/mdk,bindings.yaml,S1_secret_and_sink,data/raw/marmot-protocol__mdk__bindings.yaml,NO_EXFIL,N-AUTO,agreement,"[N-AUTO] src=- | path=- | sink=- | why=hai annotator dong thuan NO_EXFIL, khong thuoc dien ra soat | basis=agreement | rev=v1.0"
A0255,liatrio-labs/claude-code-gauntlet,ci.yml,S3_sink_only,data/raw/liatrio-labs__claude-code-gauntlet__ci.yml,NO_EXFIL,N-AUTO,agreement,"[N-AUTO] src=- | path=- | sink=- | why=hai annotator dong thuan NO_EXFIL, khong thuoc dien ra soat | basis=agreement | rev=v1.0"
A0256,ad-naan/Adnify,release.yml,S1_secret_and_sink,data/raw/ad-naan__Adnify__release.yml,NO_EXFIL,N4,arbiter:nhi,"[N4] src=GITEE_TOKEN@342, GITEE_USERNAME@335, GITHUB_TOKEN@52 | path=secrets.GITEE_TOKEN@342 -> env@342 -> jq --arg token@349 -> truong access_token trong JSON@353 -> --data cua curl@355 ; secrets.GITEE_TOKEN@335 -> URL cua git remote add@335 -> git push@336,337 | sink=curl@355 -> https://gitee.com/api/v5/repos/adnaan/adnify/releases@356 (hardcode, repo cua chinh tac gia) ; git push@336,337 -> gitee.com/adnaan/adnify.git | why=GITEE_TOKEN xac thuc voi dung Gitee la chu so huu token, URL hardcode va repo dich adnaan/adnify la mirror cua chinh tac gia; GITHUB_TOKEN chi thao tac tren chinh repo | basis=arbiter:nhi | rev=v1.0"
A0257,Trustpoint-Project/trustpoint,enrollment-endpoints.yml,S3_sink_only,data/raw/Trustpoint-Project__trustpoint__enrollment-endpoints.yml,NO_EXFIL,N-AUTO,agreement,"[N-AUTO] src=- | path=- | sink=- | why=hai annotator dong thuan NO_EXFIL, khong thuoc dien ra soat | basis=agreement | rev=v1.0"
A0258,NeoZi12/dispatchseo,seo-tools.yml,S1_secret_and_sink,data/raw/NeoZi12__dispatchseo__seo-tools.yml,UNCLEAR,U2,arbiter:nhi,"[U2] src=DATAFORSEO_LOGIN@389, DATAFORSEO_PASSWORD@390, SEO_MCP_API_KEY@435, CLAUDE_CODE_OAUTH_TOKEN@492, OPENAI_API_KEY@542, CURSOR_API_KEY@602 | path=secrets.DATAFORSEO_LOGIN/PASSWORD@389-390 -> env -> python3 ghi vao codex-home/config.toml@407-416 -> openai/codex-action@v1@540 doc file do ; secrets tuong tu@436-437 -> python3 ghi vao .cursor/mcp.json@456-468 -> cursor-agent@619 ; toan bo secret@507-512 -> env cua anthropics/claude-code-action@v1@485 | sink=khong xac dinh duoc | why=credential duoc render vao file cau hinh MCP roi giao cho ba coding agent (Claude/Codex/Cursor) chay voi bypassPermissions@504 va --force@620; dich den do agent quyet dinh runtime, khong phai tac gia workflow; SEO_MCP_API_KEY@80,146,229,690,849 -> header Authorization toi dispatchseo.com hardcode la N4 | basis=arbiter:nhi | rev=v1.0"
A0259,xifan2333/fcitx5-vinput,channels.yml,S1_secret_and_sink,data/raw/xifan2333__fcitx5-vinput__channels.yml,NO_EXFIL,N-AUTO,agreement,"[N-AUTO] src=- | path=- | sink=- | why=hai annotator dong thuan NO_EXFIL, khong thuoc dien ra soat | basis=agreement | rev=v1.0"
A0260,LTplus-AG/ifc-lite,release.yml,S2_secret_only,data/raw/LTplus-AG__ifc-lite__release.yml,NO_EXFIL,N-AUTO,agreement,"[N-AUTO] src=- | path=- | sink=- | why=hai annotator dong thuan NO_EXFIL, khong thuoc dien ra soat | basis=agreement | rev=v1.0"
A0261,Stunspot/nova-the-optimal-ai-mind,line-ending-policy.yml,S4_neither,data/raw/Stunspot__nova-the-optimal-ai-mind__line-ending-policy.yml,NO_EXFIL,N-AUTO,agreement,"[N-AUTO] src=- | path=- | sink=- | why=hai annotator dong thuan NO_EXFIL, khong thuoc dien ra soat | basis=agreement | rev=v1.0"
A0262,shakenfist/shakenfist,functional-tests.yml,S1_secret_and_sink,data/raw/shakenfist__shakenfist__functional-tests.yml,NO_EXFIL,N-AUTO,agreement,"[N-AUTO] src=- | path=- | sink=- | why=hai annotator dong thuan NO_EXFIL, khong thuoc dien ra soat | basis=agreement | rev=v1.0"
A0263,cloud-in-a-bottle/cloud-in-a-bottle,docs.yml,S3_sink_only,data/raw/cloud-in-a-bottle__cloud-in-a-bottle__docs.yml,NO_EXFIL,N-AUTO,agreement,"[N-AUTO] src=- | path=- | sink=- | why=hai annotator dong thuan NO_EXFIL, khong thuoc dien ra soat | basis=agreement | rev=v1.0"
A0264,objectstack-ai/objectui,changeset-release.yml,S1_secret_and_sink,data/raw/objectstack-ai__objectui__changeset-release.yml,NO_EXFIL,N4,arbiter:nhi,"[N4] src=NPM_TOKEN@866-867, GITHUB_TOKEN@865 | path=secrets.NPM_TOKEN@866 -> env NPM_TOKEN/NODE_AUTH_TOKEN@866-867 -> changesets/action@v1@861 -> publish: pnpm changeset:publish@863 | sink=npm registry (registry-url: https://registry.npmjs.org@519), sink loai tru muc 2.2 | why=NPM_TOKEN xac thuc voi dung npm la chu so huu, registry-url hardcode@519 va lenh publish khai bao tuong minh trong with.publish@863; GITHUB_TOKEN@464,865,1148 -> gh api runs@481 va changesets/action tao PR tren chinh repo (N3); curl@386,918 chi GET registry.npmjs.org de kiem tra version, khong mang secret | basis=arbiter:nhi | rev=v1.0"
A0265,Peuqui/AIfred-Intelligence,traffic.yml,S1_secret_and_sink,data/raw/Peuqui__AIfred-Intelligence__traffic.yml,NO_EXFIL,N-AUTO,agreement,"[N-AUTO] src=- | path=- | sink=- | why=hai annotator dong thuan NO_EXFIL, khong thuoc dien ra soat | basis=agreement | rev=v1.0"
A0266,TheTreasureMap/gwtm,fastapi-tests.yml,S3_sink_only,data/raw/TheTreasureMap__gwtm__fastapi-tests.yml,NO_EXFIL,N-AUTO,agreement,"[N-AUTO] src=- | path=- | sink=- | why=hai annotator dong thuan NO_EXFIL, khong thuoc dien ra soat | basis=agreement | rev=v1.0"
A0267,konflux-ci/konflux-ci,pr-comment-commands.yaml,S4_neither,data/raw/konflux-ci__konflux-ci__pr-comment-commands.yaml,NO_EXFIL,N-AUTO,agreement,"[N-AUTO] src=- | path=- | sink=- | why=hai annotator dong thuan NO_EXFIL, khong thuoc dien ra soat | basis=agreement | rev=v1.0"
A0268,YawStar/Proxy-Hunter,update-configs.yml,S1_secret_and_sink,data/raw/YawStar__Proxy-Hunter__update-configs.yml,NO_EXFIL,N-AUTO,agreement,"[N-AUTO] src=- | path=- | sink=- | why=hai annotator dong thuan NO_EXFIL, khong thuoc dien ra soat | basis=agreement | rev=v1.0"
A0269,MythologIQ-Labs-LLC/agent-memory,config-bound-recovery.yml,S4_neither,data/raw/MythologIQ-Labs-LLC__agent-memory__config-bound-recovery.yml,NO_EXFIL,N-AUTO,agreement,"[N-AUTO] src=- | path=- | sink=- | why=hai annotator dong thuan NO_EXFIL, khong thuoc dien ra soat | basis=agreement | rev=v1.0"
A0270,unicef/hope,frontend-checks.yml,S4_neither,data/raw/unicef__hope__frontend-checks.yml,NO_EXFIL,N-AUTO,agreement,"[N-AUTO] src=- | path=- | sink=- | why=hai annotator dong thuan NO_EXFIL, khong thuoc dien ra soat | basis=agreement | rev=v1.0"
A0271,ZengLiangYi/ChatCrystal,docker.yml,S1_secret_and_sink,data/raw/ZengLiangYi__ChatCrystal__docker.yml,NO_EXFIL,N-AUTO,agreement,"[N-AUTO] src=- | path=- | sink=- | why=hai annotator dong thuan NO_EXFIL, khong thuoc dien ra soat | basis=agreement | rev=v1.0"
A0272,ad-freiburg/qlever,sparql-conformance-uploader.yml,S1_secret_and_sink,data/raw/ad-freiburg__qlever__sparql-conformance-uploader.yml,NO_EXFIL,N4,arbiter:nhi,"[N4] src=SPARQL_CONFORMANCE_TOKEN@21 | path=secrets.SPARQL_CONFORMANCE_TOKEN@21 -> env API_KEY@21 -> header x-api-key@79 -> curl@78 | sink=curl@78 -> $SERVER_URL/upload@84 ; SERVER_URL@20 = https://qlever.dev/sparql-conformance-uploader (hardcode) | why=token xac thuc voi dung conformance server cua chinh to chuc ad-freiburg so huu repo, endpoint hardcode doc duoc trong env@20; noi dung upload la ket qua test khong chua secret | basis=arbiter:nhi | rev=v1.0"
A0273,rocky-data/rocky,codegen-drift.yml,S3_sink_only,data/raw/rocky-data__rocky__codegen-drift.yml,NO_EXFIL,N-AUTO,agreement,"[N-AUTO] src=- | path=- | sink=- | why=hai annotator dong thuan NO_EXFIL, khong thuoc dien ra soat | basis=agreement | rev=v1.0"
A0274,perfect-panel/ppanel-node,release.yml,S1_secret_and_sink,data/raw/perfect-panel__ppanel-node__release.yml,NO_EXFIL,N-AUTO,agreement,"[N-AUTO] src=- | path=- | sink=- | why=hai annotator dong thuan NO_EXFIL, khong thuoc dien ra soat | basis=agreement | rev=v1.0"
A0275,anneschuth/claude-threads,integration.yml,S3_sink_only,data/raw/anneschuth__claude-threads__integration.yml,NO_EXFIL,N-AUTO,agreement,"[N-AUTO] src=- | path=- | sink=- | why=hai annotator dong thuan NO_EXFIL, khong thuoc dien ra soat | basis=agreement | rev=v1.0"
A0276,event4u-app/agent-config,publish-npm.yml,S2_secret_only,data/raw/event4u-app__agent-config__publish-npm.yml,NO_EXFIL,N-AUTO,agreement,"[N-AUTO] src=- | path=- | sink=- | why=hai annotator dong thuan NO_EXFIL, khong thuoc dien ra soat | basis=agreement | rev=v1.0"
A0277,vipmc838/cf_best_ip,update-proxy-list.yml,S1_secret_and_sink,data/raw/vipmc838__cf_best_ip__update-proxy-list.yml,UNCLEAR,U1,arbiter:nhi,"[U1] src=TELEGRAM_BOT_TOKEN@50, TELEGRAM_CHAT_ID@51, TOMCAT1235@52 | path=secrets@50-52 -> env TG_BOT_TOKEN/TG_USER_ID/TOMCAT1235@49-52 -> python s5/generate_proxy_list.py@55 | sink=khong xac dinh duoc | why=noi dung s5/generate_proxy_list.py khong co trong Dataset A; ten bien cho thay script gui ket qua qua Telegram Bot API nhung khong xac nhan duoc; curl@33,35 chi kiem tra IP thoat khong mang secret | basis=arbiter:nhi | rev=v1.0"
A0278,boardsesh/boardsesh,ci.yml,S2_secret_only,data/raw/boardsesh__boardsesh__ci.yml,NO_EXFIL,N-AUTO,agreement,"[N-AUTO] src=- | path=- | sink=- | why=hai annotator dong thuan NO_EXFIL, khong thuoc dien ra soat | basis=agreement | rev=v1.0"
A0279,Malacath-92/Proxy-PDF-Maker,Publish.yml,S2_secret_only,data/raw/Malacath-92__Proxy-PDF-Maker__Publish.yml,NO_EXFIL,N-AUTO,agreement,"[N-AUTO] src=- | path=- | sink=- | why=hai annotator dong thuan NO_EXFIL, khong thuoc dien ra soat | basis=agreement | rev=v1.0"
A0280,Gaisberg/streamnzb,build-release.yml,S1_secret_and_sink,data/raw/Gaisberg__streamnzb__build-release.yml,NO_EXFIL,N-AUTO,agreement,"[N-AUTO] src=- | path=- | sink=- | why=hai annotator dong thuan NO_EXFIL, khong thuoc dien ra soat | basis=agreement | rev=v1.0"
A0281,linux-system-roles/certificate,qemu-kvm-integration-tests.yml,S1_secret_and_sink,data/raw/linux-system-roles__certificate__qemu-kvm-integration-tests.yml,NO_EXFIL,N-AUTO,agreement,"[N-AUTO] src=- | path=- | sink=- | why=hai annotator dong thuan NO_EXFIL, khong thuoc dien ra soat | basis=agreement | rev=v1.0"
A0282,julianmb/halofpx,docker.yml,S2_secret_only,data/raw/julianmb__halofpx__docker.yml,NO_EXFIL,N-AUTO,agreement,"[N-AUTO] src=- | path=- | sink=- | why=hai annotator dong thuan NO_EXFIL, khong thuoc dien ra soat | basis=agreement | rev=v1.0"
A0283,edera-dev/linux-kernel-oci,test.yml,S2_secret_only,data/raw/edera-dev__linux-kernel-oci__test.yml,NO_EXFIL,N-AUTO,agreement,"[N-AUTO] src=- | path=- | sink=- | why=hai annotator dong thuan NO_EXFIL, khong thuoc dien ra soat | basis=agreement | rev=v1.0"
A0284,stdlib-js/stdlib,check_contributing_guidelines_acceptance.yml,S2_secret_only,data/raw/stdlib-js__stdlib__check_contributing_guidelines_acceptance.yml,UNCLEAR,U1,arbiter:nhi,[U1] src=STDLIB_BOT_PAT_REPO_WRITE@84 | path=secrets.STDLIB_BOT_PAT_REPO_WRITE@84 -> env GITHUB_TOKEN@84 -> . $GITHUB_WORKSPACE/.github/workflows/scripts/check_contributing_guidelines_acceptance/run@87 | sink=khong xac dinh duoc | why=noi dung script .github/workflows/scripts/check_contributing_guidelines_acceptance/run khong co trong Dataset A vi chi la file trong repo khong phai workflow YAML; sparse-checkout@76-77 chi lay thu muc scripts | basis=arbiter:nhi | rev=v1.0
A0285,AnikaLegal/clerk,backup.yml,S1_secret_and_sink,data/raw/AnikaLegal__clerk__backup.yml,UNCLEAR,U1,arbiter:nhi,"[U1] src=AWS_SECRET_ACCESS_KEY@27, CLERK_PRIVATE_SSH_KEY@28, BACKUP_PASSPHRASE@31 | path=secrets@27,28,31 -> env cua step@25-31 -> ./infra/backup.sh@23 | sink=khong xac dinh duoc | why=noi dung infra/backup.sh khong co trong Dataset A; curl@40-42 gui toi $SLACK_WEBHOOK_URL nhung secret o day la dia chi dich (N5), body@43-71 chi co text tinh va GITHUB_REPOSITORY/RUN_URL khong chua secret; TRANSCRYPT_PASSWORD@20 vao tham so -p cua binary cuc bo, khong phai sink mang | basis=arbiter:nhi | rev=v1.0"
A0286,SimplifyJobs/Summer2027-Internships,validate_listings.yml,S4_neither,data/raw/SimplifyJobs__Summer2027-Internships__validate_listings.yml,NO_EXFIL,N-AUTO,agreement,"[N-AUTO] src=- | path=- | sink=- | why=hai annotator dong thuan NO_EXFIL, khong thuoc dien ra soat | basis=agreement | rev=v1.0"
A0287,vercel/next.js,build_reusable.yml,S1_secret_and_sink,data/raw/vercel__next.js__build_reusable.yml,NO_EXFIL,N-AUTO,agreement,"[N-AUTO] src=- | path=- | sink=- | why=hai annotator dong thuan NO_EXFIL, khong thuoc dien ra soat | basis=agreement | rev=v1.0"
A0288,next-hat/nanocl,publish_nightly_image.yml,S2_secret_only,data/raw/next-hat__nanocl__publish_nightly_image.yml,NO_EXFIL,N-AUTO,agreement,"[N-AUTO] src=- | path=- | sink=- | why=hai annotator dong thuan NO_EXFIL, khong thuoc dien ra soat | basis=agreement | rev=v1.0"
A0289,cqfn/aibolit,e2e-release.yml,S3_sink_only,data/raw/cqfn__aibolit__e2e-release.yml,NO_EXFIL,N-AUTO,agreement,"[N-AUTO] src=- | path=- | sink=- | why=hai annotator dong thuan NO_EXFIL, khong thuoc dien ra soat | basis=agreement | rev=v1.0"
A0290,Surfboardv2ray/Proxy-sorter,sorter.yml,S1_secret_and_sink,data/raw/Surfboardv2ray__Proxy-sorter__sorter.yml,UNCLEAR,U1,arbiter:nhi,"[U1] src=GET_IPGEO@78, VMESS_URL@56, VLESS_URL@57 | path=secrets.GET_IPGEO@78 -> env cua step@77-78 -> python python/sorter.py@79 | sink=khong xac dinh duoc | why=noi dung python/sorter.py khong co trong Dataset A; VMESS_URL/VLESS_URL@56-57 chi la dia chi dich cua curl@60-61 (N5) | basis=arbiter:nhi | rev=v1.0"
A0291,Layr-Labs/d-inference,register-model.yml,S1_secret_and_sink,data/raw/Layr-Labs__d-inference__register-model.yml,UNCLEAR,U3,arbiter:nhi,[U3] src=MODEL_REGISTRY_PUBLISHING_KEY@157 | path=secrets.MODEL_REGISTRY_PUBLISHING_KEY@157 -> env@157 -> header Authorization Bearer@161 | sink=curl@160 -> ${COORDINATOR_URL%/}/v1/admin/models/register ; COORDINATOR_URL = inputs.coordinator_url@156 la gia tri runtime | why=dich den lay tu workflow input nen khong giai duoc tinh | basis=arbiter:nhi | rev=v1.0
A0292,pvliesdonk/markdown-vault-mcp,claude.yml,S1_secret_and_sink,data/raw/pvliesdonk__markdown-vault-mcp__claude.yml,NO_EXFIL,N-AUTO,agreement,"[N-AUTO] src=- | path=- | sink=- | why=hai annotator dong thuan NO_EXFIL, khong thuoc dien ra soat | basis=agreement | rev=v1.0"
A0293,msojocs/wx-compiler,release.yml,S1_secret_and_sink,data/raw/msojocs__wx-compiler__release.yml,NO_EXFIL,N-AUTO,agreement,"[N-AUTO] src=- | path=- | sink=- | why=hai annotator dong thuan NO_EXFIL, khong thuoc dien ra soat | basis=agreement | rev=v1.0"
A0294,inflexa-ai/inflexa,package-store-build.yml,S1_secret_and_sink,data/raw/inflexa-ai__inflexa__package-store-build.yml,NO_EXFIL,N-AUTO,agreement,"[N-AUTO] src=- | path=- | sink=- | why=hai annotator dong thuan NO_EXFIL, khong thuoc dien ra soat | basis=agreement | rev=v1.0"
A0295,FrankChen021/bithon,build-docker-server.yml,S2_secret_only,data/raw/FrankChen021__bithon__build-docker-server.yml,NO_EXFIL,N-AUTO,agreement,"[N-AUTO] src=- | path=- | sink=- | why=hai annotator dong thuan NO_EXFIL, khong thuoc dien ra soat | basis=agreement | rev=v1.0"
A0296,xberg-io/liter-llm,publish-docker.yaml,S1_secret_and_sink,data/raw/xberg-io__liter-llm__publish-docker.yaml,NO_EXFIL,N3,arbiter:nhi,"[N3] src=GITHUB_TOKEN@106 | path=secrets.GITHUB_TOKEN@106 -> with.password cua docker/login-action@102 | sink=ghcr.io@104, image ghcr.io/xberg-io/liter-llm@160-161 (sink loai tru muc 2.2) | why=secret duy nhat trong file chi dung dang nhap GHCR cua chinh to chuc; curl@126,135 chi GET localhost:4000/health khong mang secret; xberg-io/actions/check-docker-image-size@177 chi nhan ten image lam tham so, khong co secret | basis=arbiter:nhi | rev=v1.0"
A0297,openclaw/openclaw-rtt,codeql.yml,S4_neither,data/raw/openclaw__openclaw-rtt__codeql.yml,NO_EXFIL,N-AUTO,agreement,"[N-AUTO] src=- | path=- | sink=- | why=hai annotator dong thuan NO_EXFIL, khong thuoc dien ra soat | basis=agreement | rev=v1.0"
A0298,AndreasAugustin/actions-template-sync,release_test_docker_images.yml,S1_secret_and_sink,data/raw/AndreasAugustin__actions-template-sync__release_test_docker_images.yml,NO_EXFIL,N-AUTO,agreement,"[N-AUTO] src=- | path=- | sink=- | why=hai annotator dong thuan NO_EXFIL, khong thuoc dien ra soat | basis=agreement | rev=v1.0"
A0299,ahtavarasmus/lightfriend,external-watchdog.yml,S1_secret_and_sink,data/raw/ahtavarasmus__lightfriend__external-watchdog.yml,UNCLEAR,U5,arbiter:nhi,"[U5] src=LIGHTFRIEND_URL@25, NOTIFY_SERVER_TOKEN@28 | path=secrets.LIGHTFRIEND_URL@25 -> env SITE_URL@25 -> $SITE_URL@32 -> BODY@116 -> send_alert arg2@118 -> local body@38 -> jq --arg body@53 -> JSON payload@55 -> --data cua curl@50 | sink=curl@46 -> ${NOTIFY_SERVER_URL%/}/alert ; NOTIFY_SERVER_URL la secrets@27 nen khong giai duoc tinh | why=gia tri secret LIGHTFRIEND_URL nam trong body gui di nen du G1+G2; khong xac dinh duoc endpoint NOTIFY_SERVER_URL la ha tang chinh chu hay ben thu ba nen khong chot duoc E4 hay N4; MAINTENANCE_SECRET@26 -> header@76 chi xac thuc voi SITE_URL cua ho (N4); NOTIFY_SERVER_TOKEN@28 o header Authorization@47 la xac thuc khong phai du lieu | basis=arbiter:nhi | rev=v1.0"
A0300,polarsource/polar,e2e_flakiness_analysis.yaml,S1_secret_and_sink,data/raw/polarsource__polar__e2e_flakiness_analysis.yaml,NO_EXFIL,N-AUTO,agreement,"[N-AUTO] src=- | path=- | sink=- | why=hai annotator dong thuan NO_EXFIL, khong thuoc dien ra soat | basis=agreement | rev=v1.0"
